epoch,lr_g,lr_d,train_loss_g,train_loss_g_recon,train_loss_g_valid,train_loss_g_ctc,train_acc_g_valid,train_cer_gt,train_cer_recon,train_loss_d,train_loss_d_cl,train_acc_d_real,train_acc_d_fake,val_loss_g,val_loss_g_recon,val_loss_g_valid,val_loss_g_ctc,val_acc_g_valid,val_cer_gt,val_cer_recon,val_loss_d,val_loss_d_cl,val_acc_d_real,val_acc_d_fake,best_val_loss_so_far,is_best,epoch_time_sec
0,0.0001,0.0001,0.3737019586842507,0.3177825310267508,1.0074198835063726,4.584523001685739,0.3204520089784637,0.07068056869320571,0.25,4.3453277591615915,3.7560102585703135,0.7498604916036129,0.6795479916036129,0.28623817954212427,0.22534293867647648,1.351809412240982,4.73771470785141,0.24570312537252903,0.2941146339289844,1.0,2.183654263615608,1.663421843200922,0.689062500372529,0.754296874627471,0.28623817954212427,1,2565.7467041015625
1,9.99e-05,9.99e-05,0.29590367432683706,0.23514752986375242,1.65519097057404,4.42042369954288,0.19391741073923185,0.07215960090979934,0.25,0.9623502866597846,0.4894476838526316,0.771484375,0.8060825895518064,0.3160026064142585,0.23774101631715894,3.4282889664173126,4.397870093584061,0.0,0.2941146339289844,1.0,0.8946386687457561,0.3643235450144857,0.5281250001862645,1.0,0.28623817954212427,0,2815.9214930534363
2,9.980010000000001e-05,9.980010000000001e-05,0.30265678092837334,0.23568920395337045,2.2497128716204315,4.447044942528009,0.10986328125,0.0703492290340364,0.25,0.4180860614287667,0.09545496119426389,0.8495396208018064,0.89013671875,0.319202683866024,0.24035844206809998,3.4857067093253136,4.398717954754829,0.013671875,0.2941146339289844,1.0,0.20989713713061064,0.020019325806060806,0.841406250372529,0.986328125,0.28623817954212427,0,2842.584674358368
3,9.970029990000001e-05,9.970029990000001e-05,0.31256109941750765,0.2414108671946451,2.4562270261812955,4.658796206116676,0.12255859375,0.07158924406394362,0.25,0.41445382800884545,0.07243115858727833,0.830078125,0.87744140625,0.2994401818141341,0.23149263625964522,2.2030904665589333,4.59166407585144,0.009765625,0.2941146339289844,1.0,0.3874009158462286,0.09171105560380965,0.775000000372529,0.990234375,0.28623817954212427,0,2842.524359226227
4,9.960059960010001e-05,9.960059960010001e-05,0.3146475793328136,0.2401694889413193,2.807162944925949,4.640646334737539,0.07442801352590322,0.07219073793385178,0.25,0.2871067426749505,0.04880919992501731,0.8973911833018064,0.9255719869397581,0.31508597265928984,0.23424557596445084,3.5337338373064995,4.550306081771851,0.03359375009313226,0.2941146339289844,1.0,0.2910949975484982,0.06370004350901581,0.864843750372529,0.966406250372529,0.28623817954212427,0,2841.3060653209686
5,9.950099900049991e-05,9.950099900049991e-05,0.30759692331776023,0.23581545462366194,2.662380939349532,4.515766158699989,0.10163225448923185,0.07048947643488646,0.25,0.3053138486575335,0.020158033152256394,0.8622349333018064,0.8983677458018064,0.31314059998840094,0.24505838146433234,2.463998146355152,4.344224140048027,0.08984375,0.2941146339289844,1.0,0.20736645068973303,0.0002891338690460543,0.946875000372529,0.91015625,0.28623817954212427,0,2853.669409751892
6,9.94014980014994e-05,9.94014980014994e-05,0.3140846574679017,0.23973134334664792,3.3309655990451574,4.104365773499012,0.07624162948923185,0.07013596990145743,0.25,0.2351481640653219,0.029009320441701902,0.9169921875,0.9237583708018064,0.3190432582050562,0.23821246763691306,4.1461644768714905,3.9369144663214684,0.03515625,0.2941146339289844,1.0,0.20780305087100714,0.00238717277716205,0.87890625,0.96484375,0.28623817954212427,0,2837.940232038498
7,9.930209650349791e-05,9.930209650349791e-05,0.3171123133506626,0.24182707292493433,3.5259579615667462,4.002566209062934,0.07735770102590322,0.0720314480131492,0.25,0.22541451011784375,0.010585505144831586,0.9128766744397581,0.9226422994397581,0.30587879940867424,0.24404344335198402,2.1587806195020676,4.024754837155342,0.1640625,0.2941146339289844,1.0,0.21373776416294277,0.0006237868712162253,0.9765625,0.8359375,0.28623817954212427,0,2839.3714122772217
8,9.920279440699441e-05,9.920279440699441e-05,0.3350490687880665,0.2482161879306659,4.651846870779991,4.031441580504179,0.03564453125,0.07177207060158253,0.25,0.11550340744724963,0.005910263068457766,0.95654296875,0.96435546875,0.31781433522701263,0.23388410825282335,4.382271774113178,4.010750949382782,0.0703125,0.2941146339289844,1.0,0.13344585997401737,0.019922172668088933,0.9765625,0.9296875,0.28623817954212427,0,2839.0938789844513
9,9.910359161258741e-05,9.910359161258741e-05,0.31272752466611564,0.2311982837272808,4.1225048284977674,4.030419392511249,0.06752232147846371,0.07353963062632829,0.25,0.18586632319784258,0.01853817590929907,0.9393136166036129,0.9324776791036129,0.32212663255631924,0.24235593108460307,4.056600965559483,3.9204694032669067,0.03945312509313226,0.2941146339289844,1.0,0.06685734572238289,0.0007483519768811675,1.0,0.960546875372529,0.28623817954212427,0,2857.8276813030243
10,9.900448802097483e-05,9.900448802097483e-05,0.3386714137159288,0.24855050956830382,4.955278342589736,4.056812200695276,0.04052734375,0.06858081510290504,0.25,0.11193903312960174,0.0016851770808159472,0.9619140625,0.95947265625,0.33271493576467037,0.236437376588583,5.5822606310248375,4.04549540579319,0.00390625,0.2941146339289844,1.0,0.09058184322202578,0.024720893346966477,0.96484375,0.99609375,0.28623817954212427,0,2859.2738423347473
11,9.890548353295386e-05,9.890548353295386e-05,0.32513494370505214,0.235572719713673,4.876136557199061,4.080086017027497,0.04345703125,0.07271242782007903,0.25,0.12440195921226405,0.0035099909796940665,0.96044921875,0.95654296875,0.3304343903437257,0.2344323741272092,5.487795636057854,4.112405829131603,0.029687500093132257,0.2941146339289844,1.0,0.05484634182357695,0.0001617383266534489,0.984375,0.970312500372529,0.28623817954212427,0,2848.5891094207764
12,9.88065780494209e-05,9.88065780494209e-05,0.3535083313472569,0.25183070776984096,6.130086159333587,4.037676602602005,0.01953125,0.07115644461009651,0.25,0.07313891316334775,0.01384108387222227,0.97998046875,0.98046875,0.3641114756464958,0.24660446355119348,7.5924485474824905,4.158252529799938,0.0,0.2941146339289844,1.0,0.002798414687276818,0.00011628749972203423,1.0,1.0,0.28623817954212427,0,2844.814952135086
13,9.870777147137147e-05,9.870777147137147e-05,0.335747336037457,0.239756605704315,5.482378309592605,4.116694897413254,0.03759765625,0.07381405273918062,0.25,0.1132998485591088,0.00288512322333645,0.958984375,0.96240234375,0.3413588674739003,0.23988539865240455,6.172970190644264,3.9743772000074387,0.0,0.2941146339289844,1.0,0.015574844757793471,0.0003074017956805619,0.984375,1.0,0.28623817954212427,0,2849.86870098114
14,9.860906369990011e-05,9.860906369990011e-05,0.3471094381529838,0.2450516530079767,6.168121073395014,4.037657722830772,0.0263671875,0.06512371986173093,0.25,0.07267601539842872,0.001518339402679203,0.9765625,0.9736328125,0.3506213827058673,0.2391567826271057,7.112829327583313,4.033630937337875,0.0,0.2941146339289844,1.0,0.028367353152134456,0.0005286189357320836,0.98828125,1.0,0.28623817954212427,0,2851.664142370224
15,9.85104546362002e-05,9.85104546362002e-05,0.36270719673484564,0.2536890907213092,6.794527485966682,4.107283314689994,0.02294921875,0.0720133138820529,0.25,0.07029803221394104,0.00545995483117423,0.9755859375,0.97705078125,0.3622859586030245,0.27595155220478773,4.386146247386932,4.247294455766678,0.12031250004656613,0.2941146339289844,1.0,0.1543577872798778,0.011100734871433815,0.9765625,0.8796875011175871,0.28623817954212427,0,2836.5798292160034
16,9.8411944181564e-05,9.8411944181564e-05,0.34867515321820974,0.2432864992879331,6.425504198297858,4.1133613381534815,0.022670201025903225,0.06814409035723656,0.25,0.06709489379682054,0.011609039910098318,0.9814453125,0.9773297994397581,0.36412256490439177,0.24332844279706478,7.980455994606018,4.098956100642681,0.0078125,0.2941146339289844,1.0,0.126123032765463,0.000266423214554834,0.92578125,0.9921875,0.28623817954212427,0,2844.452637910843
17,9.831353223738244e-05,9.831353223738244e-05,0.3498148964717984,0.2355934774968773,7.345795385539532,4.076346710324287,0.0185546875,0.0703663369640708,0.25,0.052070920157348155,0.0005483850305765259,0.9798409603536129,0.9814453125,0.3501514634117484,0.22803351981565356,8.128870725631714,4.0829238668084145,0.009765625,0.2941146339289844,1.0,0.042816049532120815,0.0013497211146500376,0.98828125,0.990234375,0.28623817954212427,0,2817.0901894569397
18,9.821521870514505e-05,9.821521870514505e-05,0.35509916697628796,0.2395289153791964,7.506485875695944,4.050539363175631,0.01513671875,0.07173681119456887,0.25,0.040134510565621895,0.00026023518326567796,0.9873046875,0.98486328125,0.357857184484601,0.24359134351834655,7.388639986515045,4.037943966686726,0.05078125,0.2941146339289844,1.0,0.11225140167516656,5.8115807590297663e-05,0.98828125,0.94921875,0.28623817954212427,0,2834.4175391197205
19,9.81170034864399e-05,9.81170034864399e-05,0.3627031857613474,0.2463657328626141,7.563312660902739,4.070432920008898,0.01318359375,0.0699266028823331,0.25,0.052522120581670606,0.0006138214001154552,0.9833984375,0.98681640625,0.38243172131478786,0.2752875736914575,6.56913848221302,4.14527677744627,0.0,0.2941146339289844,1.0,0.007724511884589447,9.01511556605783e-05,1.0,1.0,0.28623817954212427,0,2835.1054735183716
20,9.801888648295346e-05,9.801888648295346e-05,0.3753383413422853,0.26800187455955893,6.632853331044316,4.10079375654459,0.01953125,0.06904735288117081,0.25,0.0829206447742763,0.003717367194361998,0.97265625,0.98046875,0.34640404768288136,0.2509545558132231,5.1291433572769165,4.415805920958519,0.02734375,0.2941146339289844,1.0,0.09550430296803825,0.007888013268143368,0.9453125,0.97265625,0.28623817954212427,0,2839.8235759735107
21,9.792086759647051e-05,9.792086759647051e-05,0.35867221071384847,0.25526818830985576,6.36227011680603,3.9781323056668043,0.01025390625,0.07218949566595256,0.25,0.04151019167966297,0.0034480767482678587,0.98779296875,0.98974609375,0.36788421031087637,0.25911752227693796,6.922456964850426,3.9542119279503822,0.001953125,0.2941146339289844,1.0,0.024147528147295816,0.00022307976979618616,0.98828125,0.998046875,0.28623817954212427,0,2838.571009874344
22,9.782294672887403e-05,9.782294672887403e-05,0.3799485363997519,0.26388366508763283,7.514183081686497,4.0923042837530375,0.0087890625,0.07296551112085581,0.25,0.04116973558416248,0.0009751096051267005,0.98828125,0.9912109375,0.3687281273305416,0.2731888238340616,5.602947749197483,3.950982853770256,0.033203125,0.2941146339289844,1.0,0.08626123260182794,0.0010470666498250125,0.985937500372529,0.966796875,0.28623817954212427,0,2840.8805401325226
23,9.772512378214515e-05,9.772512378214515e-05,0.3708959580399096,0.25555017741862684,7.502272911369801,4.032305682078004,0.00927734375,0.06945123500190675,0.25,0.036686848897829805,0.00048297655317952604,0.9847935270518064,0.99072265625,0.41548012755811214,0.2780742198228836,9.63264861702919,4.1079422533512115,0.0,0.2941146339289844,1.0,0.009188519198914946,2.0502937191579917e-05,1.0,1.0,0.28623817954212427,0,2840.840229988098
24,9.762739865836301e-05,9.762739865836301e-05,0.37750480649992824,0.2508382023079321,8.551544724032283,4.115115998312831,0.0126953125,0.0702076229499653,0.25,0.06103341259267836,0.016564353999538373,0.9861886166036129,0.9873046875,0.3363223196938634,0.22858912823721766,6.739888817071915,4.033430941402912,0.012890625046566129,0.2941146339289844,1.0,0.28695181765942834,0.05659269176067028,0.868750000372529,0.9871093761175871,0.28623817954212427,0,2839.673761844635
25,9.752977125970466e-05,9.752977125970466e-05,0.33972669625654817,0.2298988342517987,6.9425787683576345,4.040207808837295,0.00927734375,0.06857037369627506,0.25,0.03470945318804297,0.002781975588288077,0.99169921875,0.99072265625,0.35159480571746826,0.22889930941164494,8.254652246832848,4.0148976519703865,0.0,0.2941146339289844,1.0,0.0022571386562049156,0.00021551633972194395,1.0,1.0,0.28623817954212427,0,2870.3510682582855
26,9.743224148844495e-05,9.743224148844495e-05,0.3677090227138251,0.24869645095895976,7.8583555072546005,4.042901873588562,0.0078125,0.07218549493700266,0.25,0.03448765890038885,0.007722512076233201,0.98974609375,0.9921875,0.38432491570711136,0.24966050265356898,9.328222468495369,4.138219699263573,0.0,0.2941146339289844,1.0,0.07301139609262464,0.00012107125205851332,0.96875,1.0,0.28623817954212427,0,2761.419606924057
27,9.73348092469565e-05,9.73348092469565e-05,0.3716179945040494,0.25606552918907255,7.552819784730673,4.002427065744996,0.01220703125,0.0704440507106483,0.25,0.04308226174862284,0.007885492957541373,0.98681640625,0.98779296875,0.3752672616392374,0.23494854057207704,9.898654103279114,4.133218325674534,0.0,0.2941146339289844,1.0,0.007966527646203758,0.00029957119336643245,1.0,1.0,0.28623817954212427,0,2859.9707486629486
28,9.723747443770954e-05,9.723747443770954e-05,0.3775712994392961,0.24713653104845434,9.013327062129974,4.030149871483445,0.0078125,0.07331906934268773,0.25,0.02085698662165214,6.0521148375958234e-05,0.9931640625,0.9921875,0.38418472558259964,0.2363154119811952,10.822806507349014,3.9641252234578133,0.0,0.2941146339289844,1.0,0.019076164349826286,0.00010345307646275614,0.984375,1.0,0.28623817954212427,0,2840.497344493866
29,9.714023696327183e-05,9.714023696327183e-05,0.38135390589013696,0.23994638689327985,10.095724489539862,4.045027628540993,0.01220703125,0.07067008584272116,0.25,0.05680287426071118,0.017837452416772592,0.9892578125,0.98779296875,0.35710793640464544,0.24192290287464857,7.438645631074905,4.079857774078846,0.01171875,0.2941146339289844,1.0,0.022932947613298893,0.0006701472211858572,1.0,0.98828125,0.28623817954212427,0,2839.913442134857
30,9.704309672630856e-05,9.704309672630856e-05,0.3592920107766986,0.24431148078292608,7.397886490449309,4.1001667734235525,0.0126953125,0.07453810842707753,0.25,0.048262412403801136,0.005026434953173009,0.984375,0.9873046875,0.3660070514306426,0.24226458184421062,8.454807862639427,3.919439412653446,0.0,0.2941146339289844,1.0,0.013107058923196746,0.00028099659800773225,1.0,1.0,0.28623817954212427,0,2850.4784145355225
31,9.694605362958225e-05,9.694605362958225e-05,0.38618305162526667,0.2651101596420631,8.063248351216316,4.044040907174349,0.00390625,0.07177849707659334,0.25,0.017616969264736326,0.00013367036715816738,0.9951171875,0.99609375,0.4070626264438033,0.27013604436069727,9.661108911037445,4.0315496027469635,0.0,0.2941146339289844,1.0,0.005107955376445261,5.265649401309247e-05,1.0,1.0,0.28623817954212427,0,2841.025285720825
32,9.684910757595267e-05,9.684910757595267e-05,0.38847426720894873,0.2579436340602115,9.01947221904993,4.03359124623239,0.00634765625,0.07226045452989638,0.25,0.024091104314720724,0.000294284617698537,0.99365234375,0.99365234375,0.39759018644690514,0.25503976410254836,10.189697623252869,4.06534493714571,0.0,0.2941146339289844,1.0,0.002882564553146949,7.21900649089946e-05,1.0,1.0,0.28623817954212427,0,2842.518496990204
33,9.675225846837672e-05,9.675225846837672e-05,0.3762163615319878,0.24512568989302963,9.021067250519991,4.088000079616904,0.0107421875,0.0715461460640654,0.25,0.030466034315395518,0.001956364692627055,0.9921875,0.9892578125,0.37838515639305115,0.24886368494480848,8.966628909111023,3.9855185225605965,0.0,0.2941146339289844,1.0,0.0023982947864169546,7.662228524552006e-06,1.0,1.0,0.28623817954212427,0,2843.3009655475616
34,9.665550620990834e-05,9.665550620990834e-05,0.40968051250092685,0.2615917002549395,10.786017693579197,4.02286390773952,0.0029296875,0.07090758951380849,0.25,0.014099706565161796,0.00030259003712296284,0.9965122770518064,0.9970703125,0.41028342489153147,0.2546939761377871,11.334327191114426,4.224618166685104,0.0,0.2941146339289844,1.0,0.033725571499530815,0.009844241894356287,0.97265625,1.0,0.28623817954212427,0,2843.9372220039368
35,9.655885070369844e-05,9.655885070369844e-05,0.38591307564638555,0.2541481239022687,9.046254493296146,4.130240805447102,0.009765625,0.06949335662648082,0.25,0.040811531630424724,0.0013974166649752817,0.98828125,0.990234375,0.4217872144654393,0.29423058964312077,8.592816814780235,4.16284604370594,0.0,0.2941146339289844,1.0,0.21716181037299975,0.005504646674903135,0.884375000372529,1.0,0.28623817954212427,0,2838.0622420310974
36,9.646229185299473e-05,9.646229185299473e-05,0.38411649805493653,0.2700860893819481,7.3350589871406555,4.06798199005425,0.00927734375,0.07148817018605769,0.25,0.046067221781413537,0.0023409302048431613,0.984375,0.99072265625,0.3755217622965574,0.2645103484392166,7.142916172742844,3.9582252725958824,0.005859375,0.2941146339289844,1.0,0.009596546149623464,1.639416097942714e-05,1.0,0.994140625,0.28623817954212427,0,2845.2116985321045
37,9.636582956114173e-05,9.636582956114173e-05,0.3875136305578053,0.25214084319304675,9.523159392178059,4.0141199845820665,0.00390625,0.06834654964040965,0.25,0.013279313534781068,0.0001894376054263347,0.9955357145518064,0.99609375,0.40375762060284615,0.25299316411837935,10.937358349561691,4.139087565243244,0.0,0.2941146339289844,1.0,0.05808164327027043,0.01890143423537438,0.953125,1.0,0.28623817954212427,0,2842.2982218265533
38,9.62694637315806e-05,9.62694637315806e-05,0.3770931588951498,0.2545378766953945,8.158379096537828,4.097149388864636,0.0107421875,0.07271353015676141,0.25,0.03278221988944097,0.00503587497274971,0.99169921875,0.9892578125,0.3785110814496875,0.2575089083984494,7.940335035324097,4.159882679581642,0.0078125,0.2941146339289844,1.0,0.010474709551999695,1.2455485397744326e-05,1.0,0.9921875,0.28623817954212427,0,2842.661875486374
39,9.617319426784902e-05,9.617319426784902e-05,0.3791365690995008,0.26095938484650105,7.6563348807394505,4.161383476108313,0.01220703125,0.07003444596193731,0.25,0.05561143716613515,0.01620290385947154,0.9853515625,0.98779296875,0.3748297682031989,0.24647233774885535,8.802154675126076,4.0335885137319565,0.00390625,0.2941146339289844,1.0,0.007778972371852433,3.501516113857406e-05,1.0,0.99609375,0.28623817954212427,0,2842.6093306541443
40,9.607702107358116e-05,9.607702107358116e-05,0.39607817423529923,0.26839173992630094,8.739509493112564,4.029134273529053,0.005859375,0.07046489464119077,0.25,0.026256606118067793,6.826201119913833e-05,0.994140625,0.994140625,0.40670944657176733,0.28698380663990974,7.905786693096161,4.066777437925339,0.0,0.2941146339289844,1.0,0.002565444076935819,1.5371277864772992e-05,1.0,1.0,0.28623817954212427,0,2849.023049592972
41,9.598094405250758e-05,9.598094405250758e-05,0.4126867316663265,0.28226671484299004,8.856849022209644,4.185152566060424,0.0048828125,0.07505387964192778,0.25,0.025952256123446205,0.0006970025315844453,0.9921875,0.9951171875,0.4158674329519272,0.2616895530372858,11.197562605142593,4.220225803554058,0.013671875,0.2941146339289844,1.0,0.012411955184177259,5.590053326010036e-06,1.0,0.986328125,0.28623817954212427,0,2865.731070280075
42,9.588496310845507e-05,9.588496310845507e-05,0.4092924571596086,0.26358367735520005,10.387640401721,4.183237826451659,0.005859375,0.07042523811105639,0.25,0.017957350895670743,0.0021603193448686553,0.9950474333018064,0.994140625,0.4104876508936286,0.2658398416824639,10.21077574789524,4.2540056854486465,0.001953125,0.2941146339289844,1.0,0.008626492548046372,7.538250216820863e-06,1.0,0.998046875,0.28623817954212427,0,2826.5695009231567
43,9.578907814534661e-05,9.578907814534661e-05,0.4017681800760329,0.2747869633603841,8.458189971745014,4.239931767806411,0.01123046875,0.07150687754619867,0.25,0.04658876659436828,0.002384144269250932,0.98583984375,0.98876953125,0.4114649994298816,0.2574466853402555,11.010496467351913,4.391335658729076,0.0,0.2941146339289844,1.0,0.03523896793899439,5.456213037247082e-05,0.97265625,1.0,0.28623817954212427,0,2849.8699736595154
44,9.569328906720127e-05,9.569328906720127e-05,0.3952825244050473,0.264992960030213,8.976273253560066,4.052683539688587,0.005859375,0.0691738681634888,0.25,0.021797956652449102,2.5817057053068027e-05,0.9931640625,0.994140625,0.3950672559440136,0.2734745475463569,8.213598191738129,3.945672780275345,0.005859375,0.2941146339289844,1.0,0.013116078820530674,2.3498162136093015e-05,1.0,0.994140625,0.28623817954212427,0,2850.185660123825
45,9.559759577813406e-05,9.559759577813406e-05,0.40990020730532706,0.2752514564199373,9.430149916559458,4.03472551330924,0.00439453125,0.07437268167268485,0.25,0.012773382986068782,8.709575168741601e-06,0.9970703125,0.99560546875,0.4102461226284504,0.26815441343933344,10.281080469489098,3.9280906692147255,0.0,0.2941146339289844,1.0,0.027638949351057818,2.799097569017306e-05,0.984375,1.0,0.28623817954212427,0,2847.162065267563
46,9.550199818235592e-05,9.550199818235592e-05,0.38958458020351827,0.26136107149068266,8.768762484192848,4.053588574752212,0.005929129489231855,0.07139363302849233,0.25,0.024747510883457835,0.0002125468717482093,0.99267578125,0.9940708708018064,0.4152275761589408,0.26957728434354067,10.432642966508865,4.132386565208435,0.0,0.2941146339289844,1.0,0.0022736492201147485,1.8329051872711943e-05,1.0,1.0,0.28623817954212427,0,2847.676427125931
47,9.540649618417357e-05,9.540649618417357e-05,0.3876439940650016,0.26414943719282746,8.259074375033379,4.090381611138582,0.01220703125,0.0746024870313704,0.25,0.0619666872361222,0.0201997611775796,0.98681640625,0.98779296875,0.37565815448760986,0.27642687037587166,5.8451810628175735,4.077947735786438,0.015625,0.2941146339289844,1.0,0.04043548549816478,7.442450649985943e-06,1.0,0.984375,0.28623817954212427,0,2849.3627576828003
48,9.53110896879894e-05,9.53110896879894e-05,0.3874039431102574,0.2769446666352451,6.983689725399017,4.062238188460469,0.0087890625,0.07108845852781087,0.25,0.031933904424249704,0.00048101671616906927,0.990234375,0.9912109375,0.41016949247568846,0.2664390606805682,10.17169389128685,4.201349459588528,0.0,0.2941146339289844,1.0,0.0008095623027202237,6.5325387614834085e-06,1.0,1.0,0.28623817954212427,0,2847.401487827301
49,9.521577859830141e-05,9.521577859830141e-05,0.4016191125847399,0.2739016506820917,8.770603600889444,4.001143030822277,0.00439453125,0.07187052327208221,0.25,0.022148686267428275,0.00010224047810503123,0.994140625,0.99560546875,0.42785141710191965,0.32724855467677116,6.07204332947731,3.9882432520389557,0.033203125,0.2941146339289844,1.0,0.03838433205601177,3.816130459188827e-06,1.0,0.966796875,0.28623817954212427,0,2830.995678663254
50,9.512056281970311e-05,9.512056281970311e-05,0.40196021902374923,0.2687789474148303,9.287598226219416,4.030529271811247,0.005929129489231855,0.07155487930867821,0.25,0.021622512991939402,5.792245808589058e-05,0.994140625,0.9940708708018064,0.4237601989880204,0.2821469847112894,10.07506549358368,4.086256414651871,0.0,0.2941146339289844,1.0,0.0029313266459212173,2.6938829261524688e-05,1.0,1.0,0.28623817954212427,0,2511.1544444561005
51,9.502544225688341e-05,9.502544225688341e-05,0.40755073982290924,0.27250063058454543,9.47368262335658,4.03132844157517,0.00537109375,0.06973008275963366,0.25,0.016192998743406406,7.347895026355022e-05,0.994140625,0.99462890625,0.42665536887943745,0.29000080609694123,9.430631965398788,4.23482483625412,0.060546875,0.2941146339289844,1.0,0.09282768508501249,3.824498882032401e-06,1.0,0.939453125,0.28623817954212427,0,2719.3306744098663
52,9.493041681462653e-05,9.493041681462653e-05,0.39470950048416853,0.2679238202981651,8.651822455227375,4.026745926588774,0.00634765625,0.07371782255358994,0.25,0.039849814476610845,0.002551008627337037,0.98974609375,0.99365234375,0.4341276213526726,0.2869943240657449,10.782662123441696,3.930668145418167,0.0,0.2941146339289844,1.0,0.017923785078437504,0.00011515018029761848,0.984375,1.0,0.28623817954212427,0,2842.330417394638
53,9.48354863978119e-05,9.48354863978119e-05,0.39352459134534,0.2682706448249519,8.417307578027248,4.108087256550789,0.00830078125,0.0700665577314794,0.25,0.04120127022883935,0.007194620777186245,0.98828125,0.99169921875,0.40739635936915874,0.28177999798208475,8.438605770468712,4.123030640184879,0.0,0.2941146339289844,1.0,0.0046272989968656475,1.274763623460018e-05,1.0,1.0,0.28623817954212427,0,2841.2110702991486
54,9.474065091141409e-05,9.474065091141409e-05,0.3885006213095039,0.2597733841976151,8.837126057595015,4.035597933456302,0.0068359375,0.07124306610785425,0.25,0.025553144069704103,4.654877734644458e-05,0.99365234375,0.9931640625,0.3828386729583144,0.25546159222722054,8.643338590860367,4.094369530677795,0.0,0.2941146339289844,1.0,0.0013358348469409975,1.7447362846922942e-05,1.0,1.0,0.28623817954212427,0,2838.756815433502
55,9.464591026050267e-05,9.464591026050267e-05,0.3768675096798688,0.2484528477070853,8.82303348556161,4.0184330586344,0.00341796875,0.07077028672210872,0.25,0.01888208058542773,7.63561236331034e-05,0.9951171875,0.99658203125,0.4067772412672639,0.28178662061691284,8.464521735906601,4.034540519118309,0.001953125,0.2941146339289844,1.0,0.003029445801757902,1.906436621368357e-05,1.0,0.998046875,0.28623817954212427,0,2732.9046638011932
56,9.455126435024217e-05,9.455126435024217e-05,0.38046427839435637,0.2509918841533363,8.903068292886019,4.044171571731567,0.0078125,0.06746018899139017,0.25,0.03145797416095775,4.507348585658377e-05,0.9921875,0.9921875,0.37631950806826353,0.24758800445124507,8.710131749510765,4.163019381463528,0.0,0.2941146339289844,1.0,0.04708702735956649,0.0026198216244992523,0.984375,1.0,0.28623817954212427,0,2729.1660997867584
57,9.445671308589193e-05,9.445671308589193e-05,0.3593504661694169,0.23566128441598266,8.356443647295237,4.012474961578846,0.00537109375,0.07322012016084045,0.25,0.01685598144990763,0.00012465208356049473,0.99462890625,0.99462890625,0.3768025990575552,0.2548514073714614,8.092131704092026,4.102987661957741,0.001953125,0.2941146339289844,1.0,0.005767849127551017,4.576507333098334e-06,1.0,0.998046875,0.28623817954212427,0,2846.817872285843
58,9.436225637280604e-05,9.436225637280604e-05,0.37219524499960244,0.24319373455364257,8.870982721447945,4.029168646782637,0.00634765625,0.0725638666190207,0.25,0.019959760024335083,0.0008959590437385145,0.9931640625,0.99365234375,0.41015906631946564,0.26111233327537775,10.758892506361008,4.14578103274107,0.0,0.2941146339289844,1.0,0.007234514442870932,3.61124163505977e-06,0.984375,1.0,0.28623817954212427,0,2775.552125930786
59,9.426789411643323e-05,9.426789411643323e-05,0.37610254576429725,0.2477859576465562,8.828279420733452,4.003379648551345,0.00439453125,0.06919976393692195,0.25,0.019050244689537976,9.60044634261692e-05,0.99560546875,0.99560546875,0.4135635308921337,0.2752062762156129,9.727827161550522,4.107898868620396,0.00390625,0.2941146339289844,1.0,0.0053151626893850334,1.8100098593265557e-06,1.0,0.99609375,0.28623817954212427,0,2582.2173285484314
60,9.4174e-05,9.4174e-05,0.3959880890324712,0.2491344235604629,10.631317660212517,4.054049095138907,0.00537109375,0.07068056869320571,0.25,0.02013787665498512,5.079618449747858e-06,0.9931640625,0.99462890625,0.38787225633859634,0.24507338600233197,10.152309030294418,4.127578027546406,0.0,0.2941146339289844,1.0,0.0015310744167891244,1.5881759458657996e-06,1.0,1.0,0.38787225633859634,1,2850.4161376953125
61,9.4079826e-05,9.4079826e-05,0.3768781607504934,0.2422133015934378,9.471516996622086,3.994969228282571,0.0068359375,0.07215960090979934,0.25,0.0160463383256797,6.856994609560907e-06,0.99462890625,0.9931640625,0.4162451224401593,0.263638679869473,11.230787754058838,4.029856711626053,0.0,0.2941146339289844,1.0,0.0036853927654192375,1.086176160502994e-05,1.0,1.0,0.38787225633859634,0,2872.496856212616
62,9.398574617399999e-05,9.398574617399999e-05,0.36431245249696076,0.24068655213341117,8.360383681952953,4.002206642180681,0.00537109375,0.0703492290340364,0.25,0.02359352038581619,0.00011141524756158594,0.99267578125,0.99462890625,0.4071663785725832,0.26069923024624586,10.594644099473953,4.0520709827542305,0.001953125,0.2941146339289844,1.0,0.0021050750123094986,1.125405211244157e-06,1.0,0.998046875,0.38787225633859634,0,2852.2732226848602
63,9.389176042782599e-05,9.389176042782599e-05,0.3552801569458097,0.23426546633709222,8.13399339467287,3.967475965619087,0.00732421875,0.07158924406394362,0.25,0.023341776465372277,3.542535345857356e-05,0.9912109375,0.99267578125,0.3946976959705353,0.26196219539269805,9.26461547613144,4.008934833109379,0.0,0.2941146339289844,1.0,0.013211110167503648,4.090304731585448e-06,0.984375,1.0,0.38787225633859634,0,2870.191074371338
64,9.379786866739815e-05,9.379786866739815e-05,0.3575178449973464,0.2329631132306531,8.483234353363514,3.9722390361130238,0.00537109375,0.07219073793385178,0.25,0.13600575346589494,2.448584055133457e-05,0.99560546875,0.99462890625,0.40309806261211634,0.25790686113759875,10.459362298250198,4.059758149087429,0.0,0.2941146339289844,1.0,0.05070400610202341,8.774262623134632e-06,0.984375,1.0,0.38787225633859634,0,2872.6556072235107
65,9.370407079873075e-05,9.370407079873075e-05,0.34812682238407433,0.2306571666849777,7.761042814701796,3.9859230145812035,0.01025390625,0.07048947643488646,0.25,0.06460094735052735,0.00013383055393098586,0.98681640625,0.98974609375,0.38671885523945093,0.25231264904141426,9.437572926282883,4.003048203885555,0.0,0.2941146339289844,1.0,0.010334606025026005,1.7181103892482952e-05,0.984375,1.0,0.38671885523945093,1,2874.4262430667877
66,9.361036672793202e-05,9.361036672793202e-05,0.34403166035190225,0.22955286817159504,7.489467639476061,3.958411656320095,0.00732421875,0.07013596990145743,0.25,0.030781837852373428,9.539825912230349e-05,0.9892578125,0.99267578125,0.38881564512848854,0.2557045090943575,9.195353984832764,4.115759685635567,0.001953125,0.2941146339289844,1.0,0.0029868703732063295,8.407772458696172e-06,1.0,0.998046875,0.38671885523945093,0,2874.2268533706665
67,9.351675636120409e-05,9.351675636120409e-05,0.346773348050192,0.22720839804969728,8.010681461542845,3.9458138309419155,0.0029296875,0.0720314480131492,0.25,0.017389242730132537,5.0947260460176835e-05,0.99609375,0.9970703125,0.4067274499684572,0.2641518427990377,10.30105009675026,3.9565110355615616,0.0,0.2941146339289844,1.0,0.0008878414055288886,2.693076946336248e-06,1.0,1.0,0.38671885523945093,0,2756.973821401596
68,9.342323960484289e-05,9.342323960484289e-05,0.3385102755855769,0.22651839803438634,7.24727987870574,3.951908152550459,0.00927734375,0.07177207060158253,0.25,0.0341329799621235,0.0025823402141753604,0.99072265625,0.99072265625,0.37040126882493496,0.24617768079042435,8.402160614728928,4.020198367536068,0.0,0.2941146339289844,1.0,0.000536684820872324,1.3019819544712874e-06,1.0,1.0,0.37040126882493496,1,2873.9034481048584
69,9.332981636523804e-05,9.332981636523804e-05,0.3388799438253045,0.2230339569505304,7.658513706177473,3.926085142418742,0.00390625,0.07353963062632829,0.25,0.015431739743348771,0.00027421340508859693,0.99609375,0.99609375,0.3655113913118839,0.24971493938937783,7.570788666605949,4.008856609463692,0.0,0.2941146339289844,1.0,0.005837431878717325,0.00029071237102004654,1.0,1.0,0.3655113913118839,1,2875.923237323761
70,9.32364865488728e-05,9.32364865488728e-05,0.3288541776128113,0.22067347180563956,6.917355731129646,3.9007151629775763,0.00537109375,0.06858081510290504,0.25,0.03729022570428242,0.01201188091553006,0.9912109375,0.99462890625,0.3878354411572218,0.2521370258182287,9.613663613796234,3.9561780989170074,0.0,0.2941146339289844,1.0,0.0015301067528525891,1.538725325378465e-05,1.0,1.0,0.3655113913118839,0,2879.5047705173492
71,9.314325006232393e-05,9.314325006232393e-05,0.34264286514371634,0.21959295799024403,8.39830856770277,3.906682515516877,0.00390625,0.07271242782007903,0.25,0.01725262046613807,1.1594296988604036e-05,0.99609375,0.99609375,0.3965592347085476,0.24904179479926825,10.745333224534988,4.006411366164684,0.0,0.2941146339289844,1.0,0.048384277881268645,3.70164029011022e-05,0.984375,1.0,0.3655113913118839,0,2878.012713909149
72,9.30501068122616e-05,9.30501068122616e-05,0.3294586755800992,0.21479491714853793,7.56059492379427,3.905781114473939,0.0078125,0.07115644461009651,0.25,0.03499631686804605,0.0001222441634352034,0.98876953125,0.9921875,0.3666091077029705,0.2511576907709241,7.534897163510323,4.010244719684124,0.0,0.2941146339289844,1.0,0.0018480042990631773,2.4388055353319338e-05,1.0,1.0,0.3655113913118839,0,2899.5179481506348
73,9.295705670544933e-05,9.295705670544933e-05,0.33045139675959945,0.21547215431928635,7.604327376931906,3.8935969043523073,0.00537109375,0.07381405273918062,0.25,0.0172540568361228,1.5804008501540956e-05,0.99462890625,0.99462890625,0.39905599132180214,0.2585388827137649,10.049407929182053,4.002303287386894,0.0,0.2941146339289844,1.0,0.001064969485241818,3.4872169448474377e-06,1.0,1.0,0.3655113913118839,0,2872.029848098755
74,9.286409964874388e-05,9.286409964874388e-05,0.322861056542024,0.21356285514775664,7.020369000732899,3.9094512816518545,0.0107421875,0.06512371986173093,0.25,0.06898982609004634,0.00044867210425290904,0.986328125,0.9892578125,0.37847938761115074,0.25022004917263985,8.836597889661789,3.9893361777067184,0.0,0.2941146339289844,1.0,0.0008068115253081487,3.35691446995412e-06,1.0,1.0,0.3655113913118839,0,2870.7611792087555
75,9.277123554909515e-05,9.277123554909515e-05,0.3180712789762765,0.20839334756601602,7.07216602563858,3.8956272061914206,0.005859375,0.0720133138820529,0.25,0.02445671924601811,0.00010067553613435365,0.99169921875,0.994140625,0.39668381214141846,0.2579031689092517,9.899640083312988,3.9784248769283295,0.0,0.2941146339289844,1.0,0.0003476181167343384,3.5582771901465637e-06,1.0,1.0,0.3655113913118839,0,2870.278176546097
76,9.267846431354605e-05,9.267846431354605e-05,0.31901648244820535,0.20696514705196023,7.303245078772306,3.9018886666744947,0.00732421875,0.06814409035723656,0.25,0.02946458529913798,0.00015153901880271547,0.9912109375,0.99267578125,0.39573271851986647,0.25674895802512765,9.815633803606033,4.0827425345778465,0.0,0.2941146339289844,1.0,0.02239472629798911,1.6808279047708652e-05,0.984375,1.0,0.3655113913118839,0,2870.901255130768
77,9.25857858492325e-05,9.25857858492325e-05,0.31700609251856804,0.20510744501370937,7.296674184501171,3.893190810456872,0.0107421875,0.0703663369640708,0.25,0.03575691102469136,6.508048973441483e-05,0.9892578125,0.9892578125,0.39543663803488016,0.2621304471977055,9.312854319810867,4.017765372991562,0.0,0.2941146339289844,1.0,0.0063106627699198725,9.453868189623904e-06,1.0,1.0,0.3655113913118839,0,2871.0049579143524
78,9.249320006338327e-05,9.249320006338327e-05,0.3193734653759748,0.20394770405255258,7.659146215766668,3.883430188521743,0.008370535739231855,0.07173681119456887,0.25,0.03490897013034555,0.0002687627169810636,0.98974609375,0.9916294645518064,0.384837600402534,0.25941257970407605,8.437054872512817,4.105447456240654,0.0,0.2941146339289844,1.0,0.04523468271599995,2.8627530941349733e-05,0.97265625,1.0,0.3655113913118839,0,2873.6078803539276
79,9.240070686331988e-05,9.240070686331988e-05,0.3074071742594242,0.20038871106225997,6.843758888542652,3.8580876886844635,0.0078125,0.0699266028823331,0.25,0.028875892745645615,0.00014777811691679688,0.9912109375,0.9921875,0.3929250789806247,0.2587783094495535,9.291073977947235,4.123603209853172,0.0,0.2941146339289844,1.0,0.0003656280937320844,1.0864290572953905e-05,1.0,1.0,0.3655113913118839,0,2870.6313252449036
80,9.230830615645656e-05,9.230830615645656e-05,0.3049017037265003,0.19880335906054825,6.73764306679368,3.8721916005015373,0.013253348239231855,0.06904735288117081,0.25,0.04692864079152059,0.00011419779174648426,0.9857700895518064,0.9867466520518064,0.37662923615425825,0.2598423338495195,7.635769829154015,4.042920485138893,0.0,0.2941146339289844,1.0,0.054594785991866956,0.0009116158731892199,0.97265625,1.0,0.3655113913118839,0,2885.748111486435
81,9.221599785030011e-05,9.221599785030011e-05,0.30039653880521655,0.1958367641782388,6.5932634100317955,3.862714296206832,0.004952566989231855,0.07218949566595256,0.25,0.05666395547677894,0.00024544108948132415,0.9886997770518064,0.9950474333018064,0.3928811540827155,0.26509449863806367,8.801690727472305,3.976975306868553,0.0,0.2941146339289844,1.0,0.004527509018089404,2.5981396749585883e-05,1.0,1.0,0.3655113913118839,0,2879.287556409836
82,9.21237818524498e-05,9.21237818524498e-05,0.29602626094128937,0.19574633135925978,6.159608505666256,3.868384551256895,0.01416015625,0.07296551112085581,0.25,0.05751453979246435,0.00544704312925659,0.982421875,0.98583984375,0.3949121776968241,0.26346972305327654,9.120491176843643,4.023754350841045,0.0,0.2941146339289844,1.0,0.0021917405902058817,2.273265928270929e-05,1.0,1.0,0.3655113913118839,0,2870.123111963272
83,9.203165807059735e-05,9.203165807059735e-05,0.30717677855864167,0.1955368829658255,7.284265216439962,3.879724755883217,0.0107421875,0.06945123500190675,0.25,0.0381652798896539,0.00029478370963142986,0.9873046875,0.9892578125,0.3847410148009658,0.25780287850648165,8.606135755777359,4.0876782685518265,0.0,0.2941146339289844,1.0,0.06619161539856577,0.0006482962735532283,0.93359375,1.0,0.3655113913118839,0,2872.122475862503
84,9.193962641252675e-05,9.193962641252675e-05,0.30372803029604256,0.19187261746264994,7.321057066321373,3.8644844070076942,0.006975446478463709,0.0702076229499653,0.25,0.035832541469289936,0.00013067443220027286,0.99072265625,0.9930245541036129,0.41203533113002777,0.27360839303582907,9.728093981742859,4.11460005491972,0.0,0.2941146339289844,1.0,0.04605642004185029,0.00013291247199020972,0.984375,1.0,0.3655113913118839,0,2872.264127254486
85,9.184768678611423e-05,9.184768678611423e-05,0.29148438933771104,0.1897169261937961,6.305785074830055,3.870961334556341,0.01318359375,0.06857037369627506,0.25,0.060375839099833684,0.0004998861732592452,0.982421875,0.98681640625,0.39615671895444393,0.26665276288986206,8.857798531651497,4.092597953975201,0.0,0.2941146339289844,1.0,0.005740458948366722,2.4617759827982866e-05,1.0,1.0,0.3655113913118839,0,2871.9306259155273
86,9.175583909932811e-05,9.175583909932811e-05,0.29371057031676173,0.18739637976977974,6.7779869213700294,3.8534323293715715,0.007882254489231855,0.07218549493700266,0.25,0.033576515536879015,0.0012710460361966547,0.9912109375,0.9921177458018064,0.39960192050784826,0.26572192925959826,9.294674515724182,4.093324705958366,0.0,0.2941146339289844,1.0,0.007108724237241404,6.751875528010487e-06,0.98828125,1.0,0.3655113913118839,0,2871.9896063804626
87,9.166408326022878e-05,9.166408326022878e-05,0.29257322230841964,0.18421774543821812,6.999152695760131,3.836395300924778,0.0087890625,0.0704440507106483,0.25,0.03840933101491828,8.207390517545043e-05,0.98779296875,0.9912109375,0.42004251293838024,0.26503272727131844,11.407837212085724,4.093141719698906,0.0,0.2941146339289844,1.0,0.0005626055162792909,5.862823460489608e-06,1.0,1.0,0.3655113913118839,0,2896.171795129776
88,9.157241917696855e-05,9.157241917696855e-05,0.284126601065509,0.1808786599431187,6.472425494343042,3.8523689452558756,0.01953125,0.07331906934268773,0.25,0.06400920894429873,0.0022481060481374104,0.97998046875,0.98046875,0.4065739195793867,0.2669348637573421,9.82418566942215,4.139720149338245,0.0,0.2941146339289844,1.0,0.00875723622402802,1.9701810838768097e-05,0.984375,1.0,0.3655113913118839,0,2874.659585952759
89,9.148084675779158e-05,9.148084675779158e-05,0.28354113770183176,0.17936405644286424,6.574172053486109,3.8435362521559,0.01171875,0.07067008584272116,0.25,0.049905315573596454,0.0003703250216346987,0.98388671875,0.98828125,0.41500053741037846,0.2718315259553492,10.16697171330452,4.149929642677307,0.0,0.2941146339289844,1.0,0.0030768236247240566,2.1772415127685463e-05,1.0,1.0,0.3655113913118839,0,2869.355126142502
90,9.138936591103379e-05,9.138936591103379e-05,0.28086757741402835,0.17549308971501887,6.683563306927681,3.8538857847452164,0.00732421875,0.07453810842707753,0.25,0.04072486181439672,0.0017492337290700988,0.98779296875,0.99267578125,0.408026454038918,0.2667154246009886,9.952088087797165,4.179015286266804,0.0,0.2941146339289844,1.0,0.016129088427760507,1.0650712102489024e-05,0.984375,1.0,0.3655113913118839,0,2904.25954914093
91,9.129797654512275e-05,9.129797654512275e-05,0.2717227863613516,0.17330040410161018,5.99357233569026,3.8486660700291395,0.0126953125,0.07177849707659334,0.25,0.06509357924642245,0.0005782478692824,0.9736328125,0.9873046875,0.3982818629592657,0.2636419772170484,9.329462587833405,4.134526886045933,0.0,0.2941146339289844,1.0,0.008152462073667266,4.6547855848899644e-05,0.98828125,1.0,0.3655113913118839,0,2870.0963048934937
92,9.120667856857762e-05,9.120667856857762e-05,0.27341602137312293,0.1723163038259372,6.2384644486010075,3.8715073745697737,0.009835379489231855,0.07226045452989638,0.25,0.05583775940613123,0.0022639946566926916,0.9853515625,0.9901646208018064,0.38735582400113344,0.2644601543433964,8.030948042869568,4.258619114756584,0.0,0.2941146339289844,1.0,0.10110103816987248,0.0010593877086648718,0.9609375,1.0,0.3655113913118839,0,2892.079128265381
93,9.111547189000904e-05,9.111547189000904e-05,0.2742037943098694,0.16861087398137897,6.693994982168078,3.865297246724367,0.005929129489231855,0.0715461460640654,0.25,0.029236698404247363,0.00015801034381279777,0.9892578125,0.9940708708018064,0.4251529285684228,0.2719182576984167,11.134161651134491,4.18930571526289,0.0,0.2941146339289844,1.0,0.04637688031652942,0.0001363201421611393,0.97265625,1.0,0.3655113913118839,0,2871.5225586891174
94,9.102435641811903e-05,9.102435641811903e-05,0.26809022028464824,0.16672311583533883,6.258807202801108,3.8779034707695246,0.01513671875,0.07090758951380849,0.25,0.09888785964039926,0.0005765570473545978,0.9789341520518064,0.98486328125,0.39881368167698383,0.2683760072104633,8.873608261346817,4.170159459114075,0.0,0.2941146339289844,1.0,0.038199221875402145,0.0003216111896762186,0.98828125,1.0,0.3655113913118839,0,2871.1668083667755
95,9.093333206170091e-05,9.093333206170091e-05,0.26594203675631434,0.16361859545577317,6.378341272473335,3.8540031537413597,0.00830078125,0.06949335662648082,0.25,0.03711607882723911,0.000732569343336209,0.98876953125,0.99169921875,0.4103398369625211,0.266893794760108,10.194122165441513,4.150482594966888,0.0,0.2941146339289844,1.0,0.01748645978307195,6.692164578936399e-05,0.984375,1.0,0.3655113913118839,0,2870.2907083034515
96,9.084239872963921e-05,9.084239872963921e-05,0.26428429735824466,0.1607842508237809,6.486805327236652,3.86319961771369,0.011788504489231855,0.07148817018605769,0.25,0.055719027585837466,0.0010485706906901981,0.982421875,0.9882114958018064,0.3891575615853071,0.26285283686593175,8.361025586724281,4.269447349011898,0.0,0.2941146339289844,1.0,0.0011142567491333466,2.9718428066871638e-05,1.0,1.0,0.3655113913118839,0,2871.656888961792
97,9.075155633090958e-05,9.075155633090958e-05,0.2545995964901522,0.1568441694835201,5.914643386378884,3.860899519175291,0.01611328125,0.06834654964040965,0.25,0.06453024831080256,0.0020673554488510604,0.9794921875,0.98388671875,0.38606331683695316,0.2628391874022782,8.115397170186043,4.207015633583069,0.0,0.2941146339289844,1.0,0.04123681315468275,0.00042544289882329167,0.970312500372529,1.0,0.3655113913118839,0,2870.227276802063
98,9.066080477457866e-05,9.066080477457866e-05,0.2622950692893937,0.15973850910086185,6.379461240023375,3.8761949967592955,0.00390625,0.07271353015676141,0.25,0.04222307544114301,0.0007711156881988757,0.98193359375,0.99609375,0.40125139243900776,0.26712679071351886,9.123027816414833,4.289432905614376,0.0,0.2941146339289844,1.0,0.008751701309847704,2.5881089747770147e-05,1.0,1.0,0.3655113913118839,0,2872.4893865585327
99,9.057014396980408e-05,9.057014396980408e-05,0.256280608009547,0.1562655451707542,6.153276219964027,3.848230231553316,0.00927734375,0.07003444596193731,0.25,0.05244238048908301,0.0012338881333784357,0.9833984375,0.99072265625,0.42238806188106537,0.271053961943835,10.912343561649323,4.221067100763321,0.0,0.2941146339289844,1.0,0.056373473537405516,0.0008989093254232472,0.984375,1.0,0.3655113913118839,0,2870.9604201316833
100,9.047957382583427e-05,9.047957382583427e-05,0.2527598534943536,0.15130463929381222,6.290251040831208,3.8552706129848957,0.0126953125,0.07046489464119077,0.25,0.06045424381227349,0.0012276687183891966,0.98291015625,0.9873046875,0.4061169698834419,0.26515623461455107,9.678161203861237,4.417912505567074,0.0,0.2941146339289844,1.0,0.0012155814279140031,1.77947177490978e-05,1.0,1.0,0.3655113913118839,0,2877.010398864746
101,9.038909425200844e-05,9.038909425200844e-05,0.2547283691819757,0.14897203352302313,6.720059506595135,3.8555742148309946,0.0078125,0.07505387964192778,0.25,0.042836115285808773,0.00030764705560137884,0.98681640625,0.9921875,0.40724946931004524,0.26257496513426304,10.099750638008118,4.367700003087521,0.0,0.2941146339289844,1.0,0.0060686667511618,3.423973251415191e-05,1.0,1.0,0.3655113913118839,0,2869.5652987957
102,9.029870515775643e-05,9.029870515775643e-05,0.2450846356805414,0.1458587345550768,6.077409114688635,3.8451812230050564,0.012765066989231855,0.07042523811105639,0.25,0.06911664958897745,0.00035677684635970763,0.978515625,0.9872349333018064,0.39149564132094383,0.26750124664977193,8.056935235857964,4.342504732310772,0.0,0.2941146339289844,1.0,0.001852068158768816,6.642733220019181e-05,1.0,1.0,0.3655113913118839,0,2870.9600760936737
103,9.020840645259867e-05,9.020840645259867e-05,0.2588117958512157,0.14765267836628482,7.266298837959766,3.8496131896972656,0.007882254489231855,0.07150687754619867,0.25,0.05704391593508262,0.00011688806927701023,0.9921875,0.9921177458018064,0.3875065464526415,0.26606143778190017,7.875479474663734,4.269031621515751,0.001953125,0.2941146339289844,1.0,0.021744896823292947,5.288007008630302e-05,0.984375,0.998046875,0.3655113913118839,0,2895.6509206295013
104,9.011819804614607e-05,9.011819804614607e-05,0.24296927300747484,0.14408717234618962,6.060888845473528,3.8273215163499117,0.01220703125,0.0691738681634888,0.25,0.06267642065813561,0.0007589261048064344,0.9763532369397581,0.98779296875,0.37600685097277164,0.26305721513926983,6.884739100933075,4.410224720835686,0.0,0.2941146339289844,1.0,0.034521641788160196,0.0013225519479647119,0.97265625,1.0,0.3655113913118839,0,2875.584406852722
105,9.002807984809992e-05,9.002807984809992e-05,0.24406772025395185,0.14414496050449088,6.152093319222331,3.8401829469949007,0.01318359375,0.07437268167268485,0.25,0.07202994819272135,0.003596568461130545,0.9701450895518064,0.98681640625,0.3769751852378249,0.264166955370456,6.957169339060783,4.323653966188431,0.0,0.2941146339289844,1.0,0.026140342790313298,0.00010950535420306551,0.96875,1.0,0.3655113913118839,0,2853.679000377655
106,8.993805176825181e-05,8.993805176825181e-05,0.2443794240243733,0.14065474743256345,6.541504718363285,3.830963183194399,0.00439453125,0.07139363302849233,0.25,0.03440138041969476,0.00028158857721027886,0.9892578125,0.99560546875,0.3959399964660406,0.26449439907446504,8.84112212061882,4.30343770980835,0.0,0.2941146339289844,1.0,0.022976717883466335,3.207960629225681e-05,0.985937500372529,1.0,0.3655113913118839,0,2871.2821283340454
107,8.984811371648356e-05,8.984811371648356e-05,0.25175214919727296,0.1420696266577579,7.140507787466049,3.8277446031570435,0.00634765625,0.0746024870313704,0.25,0.028812078839564492,0.00012483943861596458,0.990234375,0.99365234375,0.4414444053545594,0.26799732726067305,12.976840764284134,4.3678672313690186,0.0,0.2941146339289844,1.0,0.00019082430151229346,9.230802710646913e-06,1.0,1.0,0.3655113913118839,0,2872.6033375263214
108,8.975826560276708e-05,8.975826560276708e-05,0.24442673777230084,0.13989583402872086,6.628403089940548,3.8246874287724495,0.0107421875,0.07108845852781087,0.25,0.08576005758447991,0.0027610882049877716,0.98193359375,0.9892578125,0.4014323763549328,0.26288928324356675,9.517527014017105,4.336782827973366,0.0,0.2941146339289844,1.0,0.00248641696634877,2.3720525021531103e-05,1.0,1.0,0.3655113913118839,0,2871.3063089847565
109,8.966850733716431e-05,8.966850733716431e-05,0.25109292624983937,0.13790900149615481,7.49211797490716,3.8262745421379805,0.00830078125,0.07187052327208221,0.25,0.059576350051315785,0.0003845012173444573,0.99072265625,0.99169921875,0.3928074277937412,0.2660654946230352,8.270696610212326,4.403496935963631,0.0,0.2941146339289844,1.0,0.015679620191804133,9.955044366449783e-05,0.98828125,1.0,0.3655113913118839,0,2869.6013622283936
110,8.957883882982715e-05,8.957883882982715e-05,0.24069000117015094,0.13638471288140863,6.615025531500578,3.8155035693198442,0.005859375,0.07155487930867821,0.25,0.040274591934576165,0.0004136607200813103,0.9877232145518064,0.994140625,0.39918261487036943,0.2648624824360013,8.944006398320198,4.488007239997387,0.0,0.2941146339289844,1.0,0.025170097275804437,0.00020126704071454782,0.984375,1.0,0.3655113913118839,0,2877.360197544098
111,8.948925999099731e-05,8.948925999099731e-05,0.23439992894418538,0.13374802749603987,6.25913093239069,3.806059354916215,0.006417410739231855,0.06973008275963366,0.25,0.037780914553877665,6.749124885629953e-05,0.9873046875,0.9935825895518064,0.4009170075878501,0.2643445888534188,9.173628330230713,4.4836136773228645,0.0,0.2941146339289844,1.0,0.045139294968976174,0.04453959747048941,1.0,1.0,0.3655113913118839,0,2871.5317351818085
112,8.939977073100632e-05,8.939977073100632e-05,0.23047783493530005,0.13232790667098016,6.021320207044482,3.7936727069318295,0.00927734375,0.07371782255358994,0.25,0.0652888516033272,0.0025468513240070045,0.97802734375,0.99072265625,0.38708600495010614,0.26592267863452435,7.644100293517113,4.472232893109322,0.0,0.2941146339289844,1.0,0.005147447496710811,0.00012143477044901374,1.0,1.0,0.3655113913118839,0,2852.1123356819153
113,8.931037096027531e-05,8.931037096027531e-05,0.2347878135042265,0.1320550903910771,6.4700104631483555,3.8032621201127768,0.00732421875,0.0700665577314794,0.25,0.03286784887495742,8.935179271318816e-05,0.9892578125,0.99267578125,0.4133771173655987,0.2636617044918239,10.51545575261116,4.456085562705994,0.0,0.2941146339289844,1.0,0.03273950117500135,6.388735326368078e-05,0.974218750372529,1.0,0.3655113913118839,0,2863.285303592682
114,8.922106058931504e-05,8.922106058931504e-05,0.2376225475454703,0.1327608862775378,6.682932086288929,3.80323432572186,0.0068359375,0.07124306610785425,0.25,0.04646487914760655,0.001049812814393647,0.98681640625,0.9931640625,0.424056900665164,0.26683059707283974,11.088406026363373,4.634224697947502,0.0,0.2941146339289844,1.0,0.06842691663314326,0.009812697156242223,0.97265625,1.0,0.3655113913118839,0,2866.374988079071
115,8.913183952872572e-05,8.913183952872572e-05,0.23308551532682031,0.13182273402344435,6.309907477349043,3.816370751708746,0.01025390625,0.07077028672210872,0.25,0.06994997106403389,0.0012903894803919513,0.9808872770518064,0.98974609375,0.40204999037086964,0.26287916442379355,9.309513330459595,4.607569381594658,0.0,0.2941146339289844,1.0,0.06717609965926385,0.0004693159565363203,0.97265625,1.0,0.3655113913118839,0,2856.970679998398
116,8.9042707689197e-05,8.9042707689197e-05,0.2431093828054145,0.13206170924240723,7.303043205291033,3.8017243314534426,0.00244140625,0.06746018899139017,0.25,0.023158993448760157,0.00010468458713042139,0.9912109375,0.99755859375,0.43778429832309484,0.26801282819360495,12.40410241484642,4.573045589029789,0.0,0.2941146339289844,1.0,0.001622390922420891,1.5780528407560723e-05,1.0,1.0,0.3655113913118839,0,2868.2978723049164
117,8.89536649815078e-05,8.89536649815078e-05,0.2342871221480891,0.13013292977120727,6.598767716437578,3.8166516702622175,0.00830078125,0.07322012016084045,0.25,0.043639841774620436,0.0006232419249236898,0.986328125,0.99169921875,0.40469001326709986,0.26303174812346697,9.636295288801193,4.529531538486481,0.0,0.2941146339289844,1.0,0.046779276881807164,5.706711190356373e-05,0.985937500372529,1.0,0.3655113913118839,0,2863.9359204769135
118,8.886471131652629e-05,8.886471131652629e-05,0.2286304165609181,0.125187752651982,6.559670381247997,3.7845962196588516,0.00390625,0.0725638666190207,0.25,0.06800575222996486,0.015358845065454485,0.99169921875,0.99609375,0.4374726014211774,0.2680719140917063,12.342802107334137,4.597266957163811,0.0,0.2941146339289844,1.0,0.0011423359665059252,1.6197574744580834e-05,1.0,1.0,0.3655113913118839,0,2875.3119807243347
