-80.0,-80.0,-80.0,-80.0,-63.179756,-55.87817,-57.734806,-59.711227,-64.53441,-69.11479,-73.53735,-66.45501,-63.796333,-65.18587,-64.03412,-63.724174,-63.138184,-64.236115,-62.059204,-58.333008,-59.648903,-59.78877,-60.799236,-58.274216,-59.41382,-62.17726,-61.098736,-53.602123,-51.655518,-46.820717,-43.41809,-42.436584,-47.330624,-52.320007,-53.394676,-53.032288,-54.63127,-56.682575,-56.556625,-53.052933,-52.130417,-56.414223,-61.12205,-60.659737,-56.918907,-56.416836,-58.453255,-58.189636,-58.0184,-58.76437,-57.838478,-55.09673,-49.698788,-44.435535,-41.721573,-43.269882,-46.394474,-43.080574,-41.68631,-46.300156,-50.561775,-52.52951,-54.924244,-55.87209,-55.478706,-49.603477,-48.162895,-47.598278,-46.419144,-46.07244,-47.211166,-45.547577,-44.543007,-38.925964,-37.39377,-33.94262,-37.576885,-33.740143,-31.117592,-28.942028,-30.295448,-30.702305,-32.835346,-39.741623,-35.76525,-35.169823,-35.80204,-36.88439,-38.628983,-39.002087,-39.52158,-37.81321,-35.828377,-38.987724,-46.14768,-47.086006,-49.2595,-51.231613,-53.31061,-56.249027,-50.621315,-48.48655,-50.787537,-54.37655,-63.946693,-64.326294,-62.71886,-68.777374,-74.22385,-71.13785,-72.006874,-69.54143,-69.04083,-73.61661,-71.546036,-68.97476,-69.82081,-66.08203,-67.31494,-73.23908,-77.83392,-71.95726
-80.0,-80.0,-80.0,-80.0,-70.5563,-63.493027,-63.07656,-67.006485,-70.169334,-73.216835,-73.31651,-69.50633,-67.463745,-74.18524,-70.22419,-68.54859,-68.2289,-68.61206,-66.42413,-60.925022,-61.37952,-65.492645,-67.16984,-64.46962,-62.592693,-64.499756,-62.840214,-54.647778,-52.45765,-53.442387,-48.581367,-47.73108,-49.866066,-53.657692,-55.444946,-55.728706,-55.726734,-47.105785,-44.674232,-46.2342,-46.139915,-47.542435,-40.32657,-35.91162,-35.790695,-39.978275,-39.7397,-37.54731,-35.705338,-34.529778,-33.364777,-37.066628,-35.417957,-27.702814,-25.735718,-25.728636,-25.56312,-31.674707,-27.956924,-28.842987,-34.780815,-42.326298,-54.492264,-49.54602,-40.9081,-35.850773,-36.57712,-39.145767,-39.150925,-34.001442,-31.875282,-31.003798,-23.782698,-19.98196,-18.886131,-19.58258,-21.571737,-21.807215,-26.449371,-27.220812,-27.994,-26.071976,-26.365417,-30.85633,-31.71117,-30.806879,-29.32856,-28.527964,-28.749386,-27.382725,-26.572086,-27.767372,-31.215002,-32.883507,-34.89621,-36.78753,-32.14293,-29.701391,-30.621418,-35.24056,-41.334686,-44.197796,-51.473995,-54.08383,-60.89423,-74.23328,-71.29646,-71.190796,-74.660385,-73.13663,-71.0404,-71.30214,-75.02574,-74.64445,-73.092,-73.05494,-75.510864,-72.62207,-75.15218,-78.65498,-76.718445,-73.24135
-80.0,-80.0,-80.0,-80.0,-72.48868,-70.18977,-73.183655,-71.92064,-74.76335,-73.91799,-73.18145,-73.79608,-72.479355,-76.92924,-74.2207,-74.652016,-79.395874,-73.46435,-70.290344,-67.905716,-71.10719,-68.99254,-66.378235,-67.15242,-69.22189,-65.510445,-65.186844,-63.412945,-58.559467,-52.915977,-50.105247,-51.091835,-56.136955,-53.576054,-52.920044,-48.617313,-44.227837,-38.071312,-30.552776,-29.636776,-24.871195,-20.033443,-16.857456,-14.573112,-14.492141,-15.383823,-15.851456,-16.338299,-16.53912,-16.34531,-16.366827,-17.889378,-16.89586,-13.44251,-12.253571,-12.900732,-14.719839,-19.63076,-21.175484,-24.709518,-30.39249,-37.46257,-48.33535,-50.72895,-39.466644,-32.370506,-30.027246,-29.466625,-33.22604,-27.797222,-24.950655,-24.887253,-24.0617,-22.107872,-21.594328,-22.615166,-22.435904,-21.77309,-28.0457,-26.213987,-23.702549,-27.741764,-26.5332,-24.404278,-26.14923,-31.422018,-29.287745,-27.547112,-29.487469,-26.686453,-24.648228,-25.894272,-31.86295,-32.23632,-29.917908,-30.947601,-30.698275,-29.517372,-30.238861,-35.05093,-40.242756,-45.6167,-52.221584,-55.32672,-60.16886,-71.59563,-73.331696,-70.36374,-71.23326,-70.0213,-69.82556,-71.44481,-73.78214,-74.60072,-73.12784,-77.37639,-80.0,-80.0,-80.0,-78.541855,-77.91531,-77.415474
-80.0,-80.0,-80.0,-80.0,-70.64179,-69.27898,-74.8086,-74.257996,-75.513306,-80.0,-75.81406,-76.85626,-78.47342,-79.90963,-76.82318,-77.81494,-80.0,-77.822845,-72.423645,-67.7278,-71.33695,-69.60547,-67.73288,-72.94557,-74.098946,-72.87582,-64.81735,-59.710175,-55.306023,-49.818443,-47.415493,-50.795723,-49.68666,-54.554016,-56.192497,-46.939438,-38.113914,-32.81939,-30.069326,-27.74611,-20.726168,-15.026775,-13.968572,-14.112484,-14.838846,-15.069841,-15.62847,-17.032883,-18.007921,-18.010902,-18.096043,-18.705214,-18.030602,-15.98014,-15.244078,-16.039263,-18.460524,-22.72896,-28.340294,-36.78087,-42.71491,-46.761448,-55.532288,-58.04142,-46.605373,-42.017483,-32.773922,-28.723831,-32.651676,-29.525644,-30.730953,-29.146206,-30.139202,-26.474781,-22.995098,-23.762259,-22.937628,-20.038647,-21.5635,-22.16917,-20.271843,-23.646948,-25.681793,-21.523308,-21.898323,-26.9313,-25.07695,-24.926954,-25.692852,-25.468315,-26.046753,-26.985031,-29.189877,-32.051212,-32.88958,-39.83165,-44.2005,-48.210297,-47.689026,-50.745384,-54.935486,-54.12255,-57.992783,-61.05391,-62.559544,-70.17984,-71.820404,-71.080414,-73.15216,-77.45991,-80.0,-79.61825,-77.53317,-77.43871,-77.08748,-79.65407,-77.74488,-80.0,-80.0,-80.0,-80.0,-80.0
-80.0,-80.0,-80.0,-80.0,-73.07453,-71.2165,-75.28482,-76.567665,-80.0,-80.0,-79.79689,-80.0,-80.0,-80.0,-80.0,-80.0,-80.0,-80.0,-75.3464,-70.23341,-72.49846,-71.66943,-74.01395,-76.477585,-73.03936,-70.93549,-60.86588,-55.851833,-49.92666,-48.391815,-45.153694,-46.353302,-47.54116,-49.69536,-50.902782,-50.155296,-43.866016,-39.894043,-40.958645,-40.749393,-30.626148,-24.386707,-27.310116,-33.281986,-36.389267,-35.5644,-36.086025,-39.892517,-45.830822,-45.141064,-44.013187,-44.01375,-44.607903,-43.57315,-44.07095,-43.764324,-39.490883,-40.099392,-50.195293,-53.645206,-53.516823,-61.254692,-62.018837,-47.233597,-36.337036,-32.934998,-31.491922,-25.9753,-23.68787,-24.200886,-20.805061,-18.623486,-19.178936,-16.65593,-19.324368,-24.765812,-22.32198,-22.079897,-24.520828,-24.739918,-25.106386,-25.351326,-25.714205,-26.817753,-27.558231,-34.367302,-32.494682,-35.364326,-32.46699,-32.390793,-35.657074,-33.277527,-32.755585,-37.41454,-36.004707,-39.60952,-42.63565,-43.44648,-47.00637,-46.93138,-50.678207,-54.27173,-57.602646,-61.050247,-59.988045,-67.23741,-67.55631,-67.00995,-71.56424,-69.35419,-71.52055,-77.697624,-80.0,-80.0,-80.0,-80.0,-80.0,-80.0,-80.0,-80.0,-79.29187,-80.0
-80.0,-80.0,-80.0,-80.0,-80.0,-74.58643,-77.14668,-80.0,-80.0,-80.0,-80.0,-80.0,-80.0,-80.0,-80.0,-80.0,-80.0,-80.0,-75.34692,-72.32996,-78.13837,-77.691315,-76.6021,-79.67258,-76.26694,-69.97019,-59.28015,-51.124184,-52.026466,-49.113922,-45.36932,-49.492687,-52.885315,-52.306553,-56.173576,-58.499863,-56.584023,-54.997337,-50.291523,-44.899223,-46.05095,-42.658104,-41.80312,-47.444763,-53.450188,-50.78769,-46.914474,-46.235493,-44.3248,-45.92786,-40.922066,-43.04238,-40.785007,-38.70632,-35.471634,-35.460884,-34.46394,-37.245102,-41.135483,-44.275513,-49.206818,-57.127594,-60.272835,-45.005844,-35.73478,-33.419956,-30.458447,-25.880592,-20.6137,-21.890396,-21.657766,-19.793123,-23.186464,-20.941618,-26.979265,-34.62963,-30.877918,-25.121792,-26.201006,-25.528812,-29.47872,-31.26416,-27.340912,-30.60036,-30.150835,-31.420738,-33.30474,-34.26797,-33.599827,-36.034008,-34.998615,-35.289513,-33.397232,-35.41703,-37.314507,-41.644928,-42.696938,-43.670757,-47.01687,-46.609383,-53.04156,-56.616364,-59.941257,-60.011414,-60.957108,-69.594604,-74.57181,-71.04841,-71.659096,-72.49963,-76.96536,-80.0,-80.0,-80.0,-80.0,-80.0,-80.0,-80.0,-80.0,-80.0,-80.0,-80.0
-80.0,-80.0,-80.0,-80.0,-80.0,-80.0,-80.0,-80.0,-80.0,-80.0,-80.0,-80.0,-80.0,-80.0,-80.0,-80.0,-80.0,-80.0,-80.0,-78.51851,-80.0,-80.0,-80.0,-78.04813,-77.57538,-70.15408,-61.173584,-54.53232,-52.278393,-49.64909,-46.47861,-46.521706,-49.017673,-46.85152,-49.775475,-50.529705,-49.859623,-49.181366,-41.633343,-35.40912,-27.568966,-21.650715,-19.225204,-19.921015,-22.352314,-22.85966,-24.089586,-27.149017,-25.881096,-25.252277,-25.022957,-27.053284,-28.047075,-25.601555,-24.30998,-25.249712,-28.113564,-33.55913,-41.196373,-40.63926,-45.028164,-56.726574,-63.168808,-50.01402,-40.30351,-36.135654,-36.86447,-35.99242,-30.368746,-32.01335,-32.33214,-27.73652,-25.370255,-28.502823,-30.583221,-31.912052,-27.774942,-26.421497,-28.999481,-31.50719,-30.643766,-33.87503,-31.337845,-29.271835,-29.01989,-29.641762,-30.110453,-30.80465,-33.66218,-35.488674,-32.932487,-32.698174,-33.725174,-38.124252,-43.5533,-47.732063,-52.86122,-54.717987,-50.96529,-52.424713,-56.350662,-58.16267,-61.27583,-62.54629,-65.0839,-69.90219,-77.52469,-77.91526,-77.18088,-80.0,-80.0,-80.0,-80.0,-80.0,-80.0,-80.0,-80.0,-80.0,-80.0,-80.0,-80.0,-80.0
-80.0,-80.0,-80.0,-80.0,-80.0,-80.0,-79.5833,-78.950836,-80.0,-80.0,-80.0,-80.0,-80.0,-80.0,-80.0,-80.0,-80.0,-80.0,-80.0,-77.58075,-80.0,-79.423386,-80.0,-75.53759,-72.54724,-71.25825,-67.00293,-64.23395,-56.32738,-52.715687,-51.452904,-46.770157,-45.979374,-47.894386,-46.509674,-49.66944,-46.238983,-43.287785,-39.714924,-34.10919,-23.197077,-17.166574,-15.3665905,-17.107445,-22.313385,-23.384666,-24.354904,-31.283585,-29.203173,-28.827682,-28.71618,-29.66432,-31.52676,-31.604229,-30.694164,-31.055496,-34.3602,-38.102627,-45.376694,-48.83394,-53.969246,-60.06116,-67.14491,-56.493935,-43.930893,-39.058025,-33.574547,-28.91515,-25.12719,-25.918964,-28.804674,-22.365248,-19.979824,-22.191963,-27.12797,-28.25321,-24.507202,-24.592112,-27.802795,-35.193027,-40.45305,-42.49926,-41.218033,-41.052887,-42.384087,-44.037872,-42.92964,-43.203506,-43.763893,-43.705147,-43.531902,-42.53489,-46.603878,-46.70254,-48.017864,-51.682465,-53.508453,-56.048954,-55.415848,-55.322445,-59.239952,-59.749706,-64.552216,-62.437126,-65.32818,-73.843796,-78.60241,-80.0,-80.0,-80.0,-80.0,-80.0,-80.0,-80.0,-80.0,-80.0,-80.0,-80.0,-80.0,-80.0,-80.0,-80.0
-80.0,-80.0,-80.0,-80.0,-80.0,-80.0,-80.0,-80.0,-80.0,-80.0,-80.0,-80.0,-80.0,-80.0,-78.56452,-80.0,-80.0,-80.0,-79.276115,-79.245476,-80.0,-80.0,-80.0,-77.73749,-72.91742,-71.33527,-63.66342,-57.528076,-52.157936,-50.759262,-51.568043,-44.70459,-42.133133,-45.700974,-41.662132,-41.184853,-46.085197,-43.680862,-41.31469,-38.475464,-34.130913,-30.532883,-30.411478,-33.477905,-32.581085,-36.457977,-38.122017,-41.836887,-55.770683,-53.007812,-54.468548,-50.588875,-47.35508,-44.96263,-45.537407,-43.3773,-47.0739,-47.99724,-41.772785,-46.56143,-54.417774,-57.67217,-66.034454,-54.81121,-49.86642,-42.28634,-32.97966,-26.813816,-23.966463,-24.885782,-28.115572,-27.92167,-28.100918,-30.338934,-37.02895,-37.66876,-37.51491,-42.20878,-39.8274,-39.68449,-40.56014,-43.56716,-42.16974,-45.112625,-46.290928,-48.413925,-47.128223,-46.14899,-45.65339,-46.97149,-51.25362,-48.24374,-50.494057,-54.32174,-53.263252,-59.809265,-58.219,-61.02285,-61.80327,-58.57971,-58.468285,-57.66643,-60.85495,-63.42626,-69.23133,-75.05355,-78.52911,-80.0,-80.0,-80.0,-80.0,-80.0,-80.0,-80.0,-80.0,-80.0,-80.0,-80.0,-80.0,-80.0,-80.0,-80.0
-80.0,-80.0,-80.0,-80.0,-80.0,-80.0,-80.0,-80.0,-80.0,-80.0,-80.0,-80.0,-80.0,-80.0,-80.0,-80.0,-80.0,-80.0,-80.0,-79.963135,-79.616264,-80.0,-80.0,-79.17763,-69.692154,-67.90372,-59.90816,-53.660362,-50.62937,-46.720097,-49.631172,-47.171112,-42.645035,-43.61149,-41.649082,-39.789284,-41.681023,-42.928635,-41.880753,-42.65664,-43.88374,-39.827263,-42.602306,-39.95721,-34.817894,-32.01644,-32.269814,-33.835663,-31.00985,-30.317234,-31.815409,-30.994064,-31.677982,-38.83115,-36.914864,-31.197195,-30.598232,-35.098568,-35.022964,-40.73821,-54.22188,-59.934914,-63.810345,-57.944912,-55.341293,-53.880814,-46.99551,-41.80327,-40.27671,-38.88605,-34.88457,-35.18128,-36.10211,-37.867077,-44.203392,-45.205917,-49.336403,-47.775703,-45.279373,-42.066093,-43.66781,-46.325813,-45.446487,-48.856525,-51.856247,-47.70724,-44.787407,-43.7569,-46.13916,-49.73433,-52.766567,-50.956314,-52.81784,-55.20903,-55.939583,-59.33256,-62.496124,-64.771805,-60.65553,-58.75061,-58.08725,-58.097965,-59.347717,-66.04397,-72.67038,-76.21325,-79.81135,-78.26867,-80.0,-80.0,-80.0,-80.0,-80.0,-80.0,-80.0,-80.0,-80.0,-80.0,-80.0,-80.0,-80.0,-80.0
-80.0,-80.0,-80.0,-80.0,-80.0,-80.0,-80.0,-80.0,-80.0,-80.0,-80.0,-80.0,-80.0,-80.0,-80.0,-80.0,-80.0,-80.0,-80.0,-80.0,-80.0,-80.0,-80.0,-73.573685,-67.46638,-65.04573,-58.985558,-48.820435,-43.034527,-40.47434,-40.661175,-41.62384,-39.770573,-40.57274,-44.177216,-43.107864,-39.67988,-37.87421,-34.22448,-26.851282,-24.398157,-24.517235,-22.878973,-22.647383,-17.655277,-14.7519455,-19.079134,-18.38233,-14.669161,-15.65683,-19.0954,-21.95267,-27.335749,-38.42578,-29.935543,-24.059677,-25.400417,-33.555046,-39.712143,-41.96397,-51.437088,-60.128387,-66.18204,-69.08982,-65.32008,-63.022537,-56.77828,-52.601654,-48.773155,-41.544964,-39.983055,-42.331013,-41.153152,-40.095966,-43.8576,-46.973816,-50.032856,-50.747437,-54.508717,-54.5328,-58.462856,-59.608814,-60.27286,-61.940327,-60.240032,-62.915207,-63.323704,-59.696667,-62.39763,-65.14002,-62.38173,-64.057205,-68.39708,-68.602844,-70.778915,-69.526764,-70.15097,-69.33022,-66.253624,-63.347504,-65.083275,-69.62325,-64.534485,-65.932465,-70.702835,-78.20064,-78.55537,-80.0,-80.0,-80.0,-80.0,-80.0,-80.0,-80.0,-80.0,-80.0,-80.0,-80.0,-80.0,-80.0,-80.0,-80.0
-80.0,-80.0,-80.0,-80.0,-80.0,-80.0,-80.0,-80.0,-80.0,-80.0,-80.0,-80.0,-80.0,-80.0,-80.0,-80.0,-80.0,-80.0,-80.0,-80.0,-80.0,-80.0,-80.0,-74.80161,-68.78564,-66.9449,-52.51303,-47.596558,-46.185196,-44.348183,-41.270935,-42.651535,-42.805103,-43.04154,-44.3556,-45.62406,-38.829727,-32.151794,-26.182379,-18.557444,-15.757038,-16.529726,-17.62949,-19.208473,-15.680006,-12.7734585,-15.977741,-17.104736,-15.393911,-18.125174,-23.554138,-28.550436,-35.298176,-38.210667,-33.73246,-30.693645,-30.71204,-36.790966,-43.60357,-48.73512,-54.2825,-63.34292,-66.761375,-67.91705,-64.400635,-55.94407,-50.54918,-48.943764,-47.28636,-44.569424,-44.734528,-46.22591,-45.90429,-49.462845,-53.370296,-57.063744,-59.807407,-58.807426,-61.80711,-65.81607,-63.54925,-72.35269,-72.2716,-67.64101,-69.3615,-79.15938,-78.39929,-75.32719,-72.22133,-69.60625,-72.374725,-75.26596,-76.0393,-76.38106,-76.81287,-75.33349,-77.48209,-71.93541,-71.859436,-71.56796,-70.05484,-74.08357,-71.35303,-73.46962,-73.20768,-75.63353,-76.62628,-80.0,-80.0,-80.0,-80.0,-80.0,-80.0,-80.0,-80.0,-80.0,-80.0,-80.0,-80.0,-80.0,-80.0,-80.0
-80.0,-80.0,-80.0,-80.0,-80.0,-80.0,-80.0,-80.0,-80.0,-80.0,-80.0,-80.0,-80.0,-80.0,-80.0,-80.0,-80.0,-80.0,-80.0,-80.0,-80.0,-80.0,-80.0,-80.0,-74.19118,-65.61502,-55.676983,-51.828323,-53.01249,-49.551178,-47.854317,-45.260902,-44.950523,-44.77839,-43.83864,-40.169136,-41.15023,-33.76391,-28.45174,-25.198744,-23.28852,-24.35957,-27.230383,-25.024267,-24.92809,-25.534346,-28.280407,-32.45458,-33.661766,-36.138607,-40.308647,-39.042465,-34.684,-35.95845,-33.036583,-32.04144,-36.156685,-39.092117,-38.906002,-44.96175,-54.29442,-62.51758,-67.51136,-67.880905,-64.58116,-57.36947,-53.45081,-47.88931,-49.51086,-52.431858,-48.1967,-53.43107,-53.4554,-48.059464,-49.52128,-55.654194,-62.09221,-63.219025,-60.211224,-62.71793,-66.04463,-68.63957,-66.2388,-67.15479,-73.33084,-71.37119,-75.06476,-71.381546,-70.827324,-70.54086,-74.95679,-75.04508,-71.77405,-77.62301,-75.0699,-71.61429,-75.992966,-75.69293,-75.302216,-71.87843,-69.76991,-68.22065,-66.07757,-70.81995,-64.982956,-62.09638,-67.5574,-71.22466,-71.47984,-78.37457,-80.0,-80.0,-80.0,-80.0,-80.0,-80.0,-80.0,-80.0,-80.0,-80.0,-80.0,-80.0
-80.0,-80.0,-80.0,-80.0,-80.0,-80.0,-80.0,-80.0,-80.0,-80.0,-80.0,-80.0,-80.0,-80.0,-80.0,-80.0,-80.0,-80.0,-80.0,-80.0,-80.0,-80.0,-80.0,-80.0,-77.495026,-64.46077,-56.94283,-56.26955,-58.617844,-53.28135,-46.99086,-43.456726,-47.925068,-50.147964,-41.22443,-39.64155,-44.302917,-41.16559,-38.5503,-41.05487,-36.198196,-35.961212,-34.110138,-31.105797,-25.56484,-22.525423,-20.370499,-20.9161,-22.00151,-27.118565,-27.853058,-29.084564,-25.495918,-22.133467,-22.644718,-26.026602,-31.133844,-38.060318,-38.19032,-42.62995,-49.81656,-56.83279,-64.42247,-67.03293,-63.261578,-65.70846,-59.188065,-51.704132,-49.22279,-49.507927,-51.463036,-58.234463,-54.323856,-47.343616,-47.552162,-55.950127,-67.37358,-67.27374,-60.418674,-61.273365,-67.317795,-66.854614,-65.95172,-69.85013,-70.53354,-71.11368,-71.83265,-67.806656,-66.129074,-67.924324,-70.88507,-71.37328,-71.11641,-74.69336,-74.298904,-72.41666,-77.449356,-80.0,-75.13426,-69.92621,-67.50964,-65.41084,-64.90885,-66.027214,-62.775192,-61.56869,-69.18713,-71.861496,-71.91016,-79.13825,-80.0,-80.0,-80.0,-80.0,-80.0,-80.0,-80.0,-80.0,-80.0,-80.0,-80.0,-80.0
-80.0,-80.0,-80.0,-80.0,-80.0,-80.0,-80.0,-80.0,-80.0,-80.0,-80.0,-80.0,-80.0,-80.0,-80.0,-80.0,-80.0,-80.0,-80.0,-80.0,-80.0,-80.0,-80.0,-80.0,-71.13068,-61.21353,-54.489777,-51.972717,-48.368095,-44.7993,-41.45655,-43.23152,-46.72548,-46.499237,-46.184406,-49.89995,-45.953876,-39.23658,-33.891293,-30.068895,-30.156734,-29.67425,-25.7562,-14.345616,-10.586142,-6.9609423,-1.3042126,-2.1518211,-7.9489765,-13.47702,-15.512136,-17.490917,-22.234735,-22.350058,-19.444841,-19.014147,-23.649973,-26.860031,-31.61682,-38.63143,-48.586647,-56.790028,-61.66501,-65.15059,-66.93985,-67.55089,-58.144287,-49.65698,-49.1073,-50.410515,-48.985367,-51.058388,-52.987442,-55.931522,-57.394997,-58.39913,-59.28688,-64.46597,-60.968086,-64.0076,-62.754513,-65.31117,-64.00982,-66.27689,-65.96277,-67.14288,-71.48459,-70.18466,-65.08308,-66.445435,-68.61728,-71.32495,-73.668785,-74.50619,-75.15553,-76.85541,-78.64192,-79.618484,-74.88721,-66.88292,-66.12156,-71.05655,-66.27524,-66.91419,-67.632195,-66.59935,-73.77548,-78.6007,-78.191696,-80.0,-80.0,-80.0,-80.0,-80.0,-80.0,-80.0,-80.0,-80.0,-80.0,-80.0,-80.0,-80.0
-80.0,-80.0,-80.0,-80.0,-80.0,-80.0,-80.0,-80.0,-80.0,-80.0,-80.0,-80.0,-80.0,-80.0,-80.0,-80.0,-80.0,-80.0,-80.0,-80.0,-80.0,-80.0,-80.0,-78.749344,-68.727776,-63.068985,-57.806267,-51.578247,-46.36076,-43.499313,-42.379105,-40.76513,-44.023808,-46.30217,-44.307617,-39.73381,-38.427162,-28.593746,-21.784067,-18.931446,-20.447618,-24.727137,-21.432226,-11.726288,-9.131871,-5.7554417,0.0,-2.5968037,-13.216076,-19.745914,-21.88889,-22.27089,-24.011353,-28.043304,-26.22594,-24.352821,-29.558865,-31.92737,-39.49269,-44.953102,-53.759323,-56.759655,-59.615868,-66.08314,-65.27065,-66.98885,-59.073315,-55.439735,-55.2454,-53.900227,-51.2492,-51.26985,-49.209522,-49.548523,-55.85566,-52.541275,-53.892452,-56.992344,-54.948273,-59.461662,-59.180347,-59.396477,-62.498142,-66.273056,-60.409416,-58.456573,-64.97753,-67.15045,-64.351135,-65.24354,-67.53041,-66.38845,-70.4413,-73.82205,-75.40776,-74.40637,-76.16344,-76.16084,-71.31039,-67.290115,-65.54625,-70.66324,-65.95058,-66.16374,-68.98953,-68.84933,-73.559494,-73.21563,-74.36644,-78.48878,-79.16574,-80.0,-80.0,-80.0,-80.0,-80.0,-80.0,-80.0,-80.0,-80.0,-80.0,-80.0
-80.0,-80.0,-80.0,-80.0,-80.0,-80.0,-80.0,-80.0,-80.0,-80.0,-80.0,-80.0,-80.0,-80.0,-80.0,-80.0,-80.0,-80.0,-80.0,-80.0,-80.0,-80.0,-80.0,-73.98609,-68.416,-67.235275,-54.62051,-49.44532,-48.964733,-51.26194,-42.582855,-37.078243,-37.06903,-44.035355,-42.88636,-36.771255,-34.664783,-29.874956,-23.803997,-23.543991,-22.448511,-23.377663,-27.352272,-21.648306,-20.805779,-15.9344845,-12.360884,-15.047893,-24.628881,-32.389942,-35.760086,-32.38258,-29.037685,-29.982685,-29.535625,-28.660553,-34.115406,-41.491028,-42.867657,-43.786613,-51.001667,-57.35264,-57.999107,-63.658737,-68.485596,-62.20231,-58.63337,-57.01404,-53.653362,-50.844456,-49.031223,-47.847694,-50.82979,-52.690376,-55.805466,-57.26152,-60.7321,-62.208534,-58.87578,-60.442772,-59.68803,-60.149834,-61.71289,-67.31549,-63.474445,-60.238403,-64.03162,-65.533035,-65.93849,-68.58109,-71.593185,-68.668846,-72.491165,-80.0,-80.0,-77.94394,-76.22908,-76.49838,-72.3173,-72.51634,-71.55222,-72.55011,-69.71809,-72.51971,-70.329285,-69.440414,-74.420166,-69.003555,-69.78768,-74.32934,-73.60794,-77.68756,-80.0,-80.0,-80.0,-80.0,-80.0,-80.0,-80.0,-80.0,-80.0,-80.0
-80.0,-80.0,-80.0,-80.0,-80.0,-80.0,-80.0,-80.0,-80.0,-80.0,-80.0,-80.0,-80.0,-80.0,-80.0,-80.0,-80.0,-80.0,-80.0,-77.25899,-80.0,-80.0,-80.0,-75.32571,-68.61958,-62.989384,-48.16885,-44.43628,-47.372776,-43.60672,-39.815857,-35.70259,-34.451103,-40.778496,-40.302765,-35.134148,-28.912342,-30.293446,-25.151917,-26.621634,-31.22187,-24.542482,-24.269476,-21.731213,-17.800194,-15.7291155,-13.090453,-13.392493,-14.276867,-14.867717,-18.486324,-20.440166,-18.059637,-21.891407,-20.935986,-22.865185,-26.091028,-33.583004,-36.476036,-39.76745,-46.924553,-53.250023,-58.212414,-62.893036,-69.02513,-60.0536,-57.695587,-58.53823,-51.276134,-50.921722,-49.83397,-50.094067,-57.112396,-61.6913,-63.137413,-66.1657,-64.86352,-63.18113,-65.44293,-65.36531,-60.885895,-61.263878,-63.89361,-65.44615,-66.98459,-69.56298,-66.67921,-66.29463,-70.62312,-71.914505,-69.94182,-74.52887,-80.0,-78.194496,-76.29839,-76.32548,-75.59497,-78.12608,-72.76115,-71.52374,-75.44533,-75.27191,-71.19593,-72.7316,-70.07498,-71.217224,-77.53018,-70.62251,-69.2647,-74.511284,-76.146225,-80.0,-80.0,-80.0,-80.0,-80.0,-80.0,-80.0,-80.0,-80.0,-80.0,-80.0
-80.0,-80.0,-80.0,-80.0,-80.0,-80.0,-80.0,-80.0,-80.0,-80.0,-80.0,-80.0,-80.0,-80.0,-80.0,-80.0,-80.0,-80.0,-79.238525,-74.86799,-77.602135,-80.0,-77.96831,-75.29454,-67.12521,-57.785362,-46.282104,-42.719185,-42.399742,-38.092007,-33.998363,-35.033447,-37.427567,-42.352463,-34.48559,-32.968487,-31.140537,-31.072767,-27.584463,-26.825806,-27.450668,-25.603271,-16.434208,-9.658891,-7.5141306,-4.3265133,-2.320877,-2.3494568,-3.0609703,-3.06398,-6.2869854,-10.011858,-10.168753,-11.612526,-12.49893,-15.910568,-21.396427,-28.16412,-32.712418,-38.61629,-50.288532,-51.39055,-52.354477,-60.990196,-70.66528,-68.29352,-63.02027,-58.883595,-55.47267,-54.899597,-51.87562,-53.014584,-57.894768,-58.917473,-59.91991,-63.713165,-65.212975,-70.23442,-70.81537,-71.044556,-70.331894,-63.4411,-61.68046,-69.85222,-68.03973,-71.15808,-69.308014,-70.237076,-74.89498,-73.43986,-72.04815,-75.48836,-80.0,-80.0,-80.0,-80.0,-79.28201,-74.96589,-74.11536,-71.91094,-75.70635,-80.0,-80.0,-79.0593,-74.69057,-75.55846,-79.69199,-80.0,-78.69085,-79.95468,-80.0,-80.0,-80.0,-80.0,-80.0,-80.0,-80.0,-80.0,-80.0,-80.0,-80.0,-80.0
-80.0,-80.0,-80.0,-80.0,-80.0,-80.0,-80.0,-80.0,-80.0,-80.0,-80.0,-80.0,-80.0,-80.0,-80.0,-80.0,-80.0,-80.0,-77.04019,-70.988464,-73.62492,-77.02957,-78.61111,-71.68011,-67.54088,-61.311623,-44.29367,-40.286587,-40.499443,-40.180077,-38.892586,-39.04045,-39.60907,-36.66089,-35.036263,-34.636578,-32.317913,-31.93898,-24.784397,-21.138386,-21.990458,-16.393784,-9.101162,-6.163767,-7.0439034,-7.033736,-7.009618,-7.3722563,-8.802048,-7.4753437,-10.945456,-15.332899,-16.672314,-16.453144,-18.577206,-23.19824,-31.301437,-38.830185,-42.622883,-50.171547,-57.53886,-55.078777,-56.838562,-62.3056,-68.14769,-66.66779,-62.015358,-57.413616,-57.60665,-54.31022,-52.39007,-53.847954,-54.734344,-58.7967,-59.371193,-61.074623,-64.39868,-63.4465,-64.61951,-70.92608,-76.57228,-65.70209,-63.34131,-70.954025,-70.199356,-68.430725,-71.63481,-78.72524,-74.88523,-69.543236,-70.405846,-75.24047,-80.0,-80.0,-80.0,-80.0,-80.0,-74.477905,-75.072624,-80.0,-75.14254,-75.03411,-74.260475,-77.706726,-80.0,-80.0,-80.0,-80.0,-80.0,-80.0,-80.0,-80.0,-80.0,-80.0,-80.0,-80.0,-80.0,-80.0,-80.0,-80.0,-80.0,-80.0
-80.0,-80.0,-80.0,-80.0,-80.0,-80.0,-80.0,-80.0,-80.0,-80.0,-80.0,-80.0,-80.0,-80.0,-80.0,-80.0,-80.0,-80.0,-72.81081,-68.10914,-71.37874,-73.08218,-77.36368,-68.24519,-59.96706,-57.250053,-41.02795,-38.16974,-37.97628,-40.050148,-38.60124,-36.006866,-38.493286,-40.778446,-38.696,-39.758484,-33.68998,-32.160088,-29.477795,-23.95537,-23.382566,-18.093445,-14.01869,-13.778513,-13.758933,-15.640318,-19.402367,-22.30775,-25.904211,-33.552975,-36.069107,-37.763943,-40.21492,-38.466675,-39.734207,-44.658585,-46.613106,-47.019966,-50.338238,-53.48912,-59.88785,-58.824364,-66.36057,-67.285126,-63.867462,-64.58713,-60.909225,-53.35466,-51.102,-55.982048,-58.696815,-54.337357,-55.528954,-62.121407,-65.35517,-63.378315,-66.050156,-64.59072,-66.237175,-69.95524,-65.70912,-66.97595,-68.87894,-73.56538,-71.77771,-73.87956,-78.05443,-78.30838,-76.740585,-70.48807,-68.6498,-71.64113,-76.78274,-77.82753,-77.50446,-79.89387,-80.0,-79.05283,-74.7737,-78.26854,-80.0,-79.215,-75.80179,-80.0,-80.0,-80.0,-80.0,-80.0,-80.0,-80.0,-80.0,-80.0,-80.0,-80.0,-80.0,-80.0,-80.0,-80.0,-80.0,-80.0,-80.0,-80.0
-80.0,-80.0,-80.0,-80.0,-80.0,-80.0,-80.0,-80.0,-80.0,-80.0,-80.0,-80.0,-80.0,-80.0,-80.0,-80.0,-80.0,-80.0,-70.1248,-65.82351,-68.1526,-67.05333,-68.0237,-64.1307,-54.144707,-50.93612,-40.765602,-36.742638,-34.26027,-32.37799,-29.072735,-29.402622,-34.82314,-37.63011,-37.389843,-40.091602,-34.84209,-30.48398,-29.393559,-33.22171,-32.336807,-34.39012,-32.591396,-28.81353,-25.940815,-21.61771,-17.11761,-12.63426,-11.585117,-12.715131,-13.775339,-15.84899,-18.410278,-23.923662,-29.916384,-32.567898,-41.194977,-38.66986,-41.91565,-50.197174,-57.925533,-61.26906,-67.39378,-67.435036,-63.90697,-65.49098,-68.42044,-63.14177,-51.593998,-51.833435,-55.346176,-56.31227,-59.92352,-61.527622,-62.977608,-65.0501,-66.60133,-72.83415,-71.708374,-70.479965,-67.68656,-63.699375,-66.87622,-72.613144,-69.637405,-68.14265,-74.48006,-74.985435,-78.52693,-78.88579,-76.98218,-78.44911,-79.45833,-77.694695,-78.35332,-80.0,-80.0,-80.0,-80.0,-77.55243,-76.99875,-80.0,-80.0,-80.0,-80.0,-80.0,-80.0,-80.0,-80.0,-80.0,-80.0,-80.0,-80.0,-80.0,-80.0,-80.0,-80.0,-80.0,-80.0,-80.0,-80.0,-80.0
-80.0,-80.0,-80.0,-80.0,-80.0,-80.0,-80.0,-80.0,-80.0,-80.0,-80.0,-80.0,-80.0,-80.0,-75.95408,-77.76107,-79.871185,-80.0,-68.05252,-61.49637,-64.63705,-62.81566,-66.380325,-65.640625,-54.087505,-51.875736,-38.444252,-32.900852,-33.075188,-29.283985,-30.476234,-28.960724,-27.234825,-28.989779,-32.993652,-28.146406,-24.51714,-28.687733,-28.909904,-30.7864,-36.285496,-30.595741,-23.259443,-15.944954,-13.617943,-11.639681,-8.386933,-5.40292,-3.7581902,-4.26713,-5.6738625,-7.606078,-10.436884,-16.098274,-20.902908,-26.482664,-29.818546,-29.743555,-36.668102,-47.795944,-54.304497,-62.702866,-64.148994,-66.326904,-65.055,-63.672806,-63.686672,-60.07297,-51.278824,-51.62983,-51.21566,-53.225365,-55.348396,-58.4808,-62.52659,-64.802635,-64.516464,-70.89271,-66.5432,-65.14369,-69.87239,-66.762184,-68.77984,-67.245255,-69.6778,-69.804306,-76.19699,-76.38263,-75.11069,-78.31401,-80.0,-80.0,-80.0,-80.0,-80.0,-80.0,-80.0,-79.1185,-80.0,-80.0,-78.55362,-79.69844,-80.0,-80.0,-80.0,-80.0,-80.0,-80.0,-80.0,-80.0,-80.0,-80.0,-80.0,-80.0,-80.0,-80.0,-80.0,-80.0,-80.0,-80.0,-80.0,-80.0
-80.0,-80.0,-80.0,-80.0,-80.0,-80.0,-80.0,-80.0,-80.0,-80.0,-80.0,-80.0,-80.0,-80.0,-73.829346,-75.520096,-79.81242,-77.99999,-65.33071,-59.900723,-63.160408,-62.323593,-60.3826,-59.279655,-52.884007,-49.78639,-40.959625,-35.04701,-34.90302,-26.718412,-25.261007,-27.913725,-20.151096,-19.304695,-20.693106,-20.828754,-22.82046,-28.359325,-35.18822,-33.050453,-27.067686,-21.822609,-22.617397,-17.397057,-16.322811,-17.165169,-15.949755,-14.723026,-12.81451,-13.3117895,-14.893819,-16.741283,-18.590937,-24.488007,-27.03918,-31.00565,-32.2273,-34.062035,-40.937073,-50.80299,-53.24291,-58.644077,-62.014465,-62.423164,-67.794586,-64.548195,-61.14256,-56.765633,-53.60431,-50.72544,-51.1055,-52.530647,-54.754242,-58.071194,-65.01726,-60.978256,-62.124783,-73.09529,-68.8186,-65.5896,-67.72527,-70.275406,-69.38753,-67.95757,-71.444756,-77.08635,-77.67473,-78.278656,-76.80925,-77.150154,-79.91792,-79.61726,-80.0,-80.0,-80.0,-80.0,-76.701324,-77.36364,-77.24528,-76.55177,-75.22856,-80.0,-80.0,-80.0,-80.0,-80.0,-80.0,-80.0,-80.0,-80.0,-80.0,-80.0,-80.0,-80.0,-80.0,-80.0,-80.0,-80.0,-80.0,-80.0,-80.0,-80.0
-80.0,-80.0,-80.0,-80.0,-80.0,-80.0,-80.0,-80.0,-80.0,-80.0,-80.0,-80.0,-80.0,-80.0,-73.53534,-73.729515,-76.12903,-74.75295,-64.60385,-58.282806,-60.316925,-61.7566,-60.347973,-59.919712,-59.958164,-54.40198,-44.836205,-39.581047,-37.119305,-32.531616,-29.781958,-31.117535,-25.490883,-21.554146,-21.586048,-25.576283,-32.980385,-34.861816,-34.282166,-33.0924,-28.37838,-24.92354,-28.003841,-29.415049,-30.047167,-31.995918,-34.123566,-36.16746,-38.65461,-45.090233,-45.771263,-43.11504,-41.824753,-40.13941,-41.895332,-40.24556,-42.22143,-46.27069,-52.270607,-54.413193,-56.16734,-55.827873,-65.010025,-66.38998,-62.786533,-64.003235,-59.673874,-56.441788,-53.987053,-52.50876,-51.425163,-48.94033,-53.926685,-57.710255,-59.643757,-67.20969,-67.26672,-69.97594,-67.464516,-67.89482,-67.02107,-69.00644,-68.211426,-68.49428,-70.12195,-73.14781,-71.21561,-74.89176,-73.191086,-75.21552,-76.814514,-80.0,-80.0,-80.0,-80.0,-80.0,-77.02736,-76.927475,-80.0,-79.446945,-79.87546,-80.0,-80.0,-80.0,-80.0,-80.0,-80.0,-80.0,-80.0,-80.0,-80.0,-80.0,-80.0,-80.0,-80.0,-80.0,-80.0,-80.0,-80.0,-80.0,-80.0,-80.0
-80.0,-80.0,-80.0,-80.0,-80.0,-80.0,-80.0,-80.0,-80.0,-80.0,-80.0,-80.0,-80.0,-80.0,-73.262924,-74.34148,-71.34573,-68.325424,-63.339783,-58.08217,-60.227177,-55.79443,-57.198765,-60.231216,-62.073784,-60.394268,-48.577065,-43.457573,-40.99265,-39.81198,-39.9516,-38.273163,-35.628094,-35.83695,-35.226463,-34.774437,-36.488457,-39.520786,-39.401314,-38.599007,-39.02411,-40.800117,-39.69783,-42.656445,-45.653503,-42.180725,-40.227196,-37.555443,-35.619576,-34.917805,-33.71373,-34.027412,-37.47416,-38.8573,-38.429695,-36.37007,-39.035564,-42.718277,-48.822304,-55.200375,-51.689163,-53.5345,-61.620117,-66.4113,-65.385956,-62.73947,-64.354744,-64.726364,-57.442696,-56.122902,-55.05636,-54.191837,-59.298172,-57.924583,-60.032658,-64.98514,-68.555984,-69.58469,-67.39371,-69.49049,-68.551704,-67.5212,-71.06288,-73.52194,-72.09651,-67.96082,-67.52954,-73.06726,-76.36287,-74.56871,-77.23319,-78.21657,-79.699165,-80.0,-79.44397,-80.0,-80.0,-78.431076,-76.81623,-79.38643,-77.70683,-72.06154,-74.46544,-77.66359,-80.0,-80.0,-80.0,-80.0,-80.0,-80.0,-80.0,-80.0,-80.0,-80.0,-80.0,-80.0,-80.0,-80.0,-80.0,-80.0,-80.0,-80.0
-80.0,-80.0,-80.0,-80.0,-80.0,-80.0,-80.0,-80.0,-80.0,-80.0,-80.0,-80.0,-80.0,-79.48915,-70.05333,-70.587036,-71.594635,-70.90561,-63.685844,-57.092575,-58.82211,-56.93354,-58.924873,-63.978,-60.835155,-65.43878,-57.28384,-51.58863,-45.888725,-43.249382,-46.939316,-44.06827,-39.991486,-41.93461,-41.25299,-40.715042,-45.98338,-43.23427,-43.1195,-44.257538,-46.399857,-42.90877,-44.177402,-43.499763,-43.56357,-37.646107,-36.22983,-32.92497,-28.209717,-26.586212,-26.276455,-27.794443,-31.130714,-33.184357,-35.90447,-42.130516,-43.405262,-42.453514,-45.331795,-52.047035,-55.025322,-54.46566,-56.314346,-65.10408,-66.121185,-59.592842,-60.104256,-58.10171,-51.129974,-51.19944,-57.98879,-58.24787,-62.121067,-62.68447,-65.062,-64.484116,-69.3009,-70.14349,-70.17085,-70.56743,-71.584915,-70.178314,-71.729034,-72.921684,-74.2753,-71.2149,-72.86785,-74.060104,-74.03436,-76.151665,-73.757126,-75.946304,-80.0,-80.0,-80.0,-80.0,-80.0,-77.51938,-77.33603,-79.714035,-74.42992,-70.454,-74.163666,-80.0,-80.0,-80.0,-80.0,-80.0,-80.0,-80.0,-80.0,-80.0,-80.0,-80.0,-80.0,-80.0,-80.0,-80.0,-80.0,-80.0,-80.0,-80.0
-80.0,-80.0,-80.0,-80.0,-80.0,-80.0,-80.0,-80.0,-80.0,-80.0,-80.0,-80.0,-80.0,-78.752495,-69.50223,-70.14174,-70.91446,-71.69953,-61.616463,-56.865574,-59.22827,-62.66175,-65.78321,-68.37135,-66.09671,-61.26379,-52.48271,-49.4744,-47.98529,-47.184837,-47.13779,-52.177536,-52.254463,-48.115128,-46.72214,-48.148205,-47.859184,-42.19501,-40.90081,-42.211887,-45.839634,-38.424248,-40.06063,-43.729534,-43.759666,-41.330452,-43.506943,-41.158875,-36.87172,-36.239807,-36.794823,-39.492153,-41.619656,-40.866722,-42.74643,-47.6559,-45.963745,-43.966713,-48.128647,-50.269203,-53.816772,-55.49163,-57.286938,-61.077724,-65.28143,-64.03623,-57.684986,-56.383217,-53.287277,-53.52984,-57.116165,-53.64296,-57.497063,-62.60362,-65.68383,-69.15312,-68.36745,-67.8364,-67.68724,-68.72125,-68.08299,-68.774475,-66.78022,-69.89946,-76.838684,-70.94653,-70.529076,-74.09394,-73.74958,-77.842285,-76.78052,-77.23749,-80.0,-80.0,-80.0,-80.0,-78.750824,-78.5808,-80.0,-72.74395,-71.76369,-76.10541,-80.0,-80.0,-80.0,-80.0,-80.0,-80.0,-80.0,-80.0,-80.0,-80.0,-80.0,-80.0,-80.0,-80.0,-80.0,-80.0,-80.0,-80.0,-80.0,-80.0
-80.0,-80.0,-80.0,-80.0,-80.0,-80.0,-80.0,-80.0,-80.0,-80.0,-80.0,-80.0,-80.0,-80.0,-73.8396,-74.12155,-74.77556,-77.03324,-65.319336,-58.647537,-60.47884,-62.724705,-70.329926,-70.67546,-66.90497,-64.00896,-54.90394,-48.987106,-49.097736,-51.360275,-53.74762,-47.54921,-47.943924,-52.77439,-45.813564,-44.772316,-43.69678,-40.987484,-41.420986,-42.65127,-48.06514,-42.61677,-45.007713,-48.16131,-50.94967,-51.663803,-56.672535,-57.427204,-58.061916,-52.489105,-52.268406,-50.388,-48.130436,-46.36698,-45.703426,-48.728394,-45.014267,-45.550194,-54.6567,-54.612312,-56.361336,-66.38357,-68.2828,-67.1718,-66.06672,-66.41629,-60.0279,-59.574013,-60.314907,-60.30002,-63.504086,-62.339394,-58.992283,-61.395878,-64.99545,-65.78163,-65.591965,-72.004395,-69.95463,-67.350975,-73.04816,-76.63891,-75.25517,-75.17106,-71.702965,-71.12213,-76.38699,-73.67533,-75.986496,-80.0,-80.0,-79.19333,-80.0,-80.0,-79.320755,-80.0,-79.4562,-77.9708,-78.08048,-72.40618,-72.49979,-76.5349,-80.0,-80.0,-80.0,-80.0,-80.0,-80.0,-80.0,-80.0,-80.0,-80.0,-80.0,-80.0,-80.0,-80.0,-80.0,-80.0,-80.0,-80.0,-80.0,-80.0
-80.0,-80.0,-80.0,-80.0,-80.0,-80.0,-80.0,-80.0,-80.0,-80.0,-80.0,-80.0,-80.0,-80.0,-75.466705,-76.5052,-75.031944,-78.74709,-68.85861,-63.36602,-64.833565,-64.28882,-67.952896,-71.838196,-69.975395,-63.40362,-57.379486,-55.11,-53.378777,-52.6687,-51.88417,-49.62908,-49.358532,-55.094223,-47.731056,-45.797577,-46.841934,-44.73278,-45.028534,-50.18591,-47.24244,-46.97612,-48.688614,-52.07763,-51.44597,-46.688576,-48.588234,-48.74427,-42.648476,-39.801632,-40.58747,-41.769554,-39.416924,-40.366898,-45.51697,-47.518612,-45.261703,-47.630432,-55.426888,-53.380356,-53.007404,-56.36209,-64.16887,-64.07271,-62.73886,-66.73339,-62.22765,-60.0877,-59.93297,-59.7675,-61.28625,-63.891956,-64.172386,-63.86667,-68.45073,-65.453735,-66.767166,-75.95635,-74.73944,-73.06737,-73.358246,-79.298164,-80.0,-78.5692,-72.81514,-71.96413,-75.81365,-76.336685,-77.22912,-80.0,-80.0,-78.5972,-78.60091,-80.0,-80.0,-80.0,-80.0,-80.0,-80.0,-79.23077,-76.20124,-80.0,-80.0,-80.0,-80.0,-80.0,-80.0,-80.0,-80.0,-80.0,-80.0,-80.0,-80.0,-80.0,-80.0,-80.0,-80.0,-80.0,-80.0,-80.0,-80.0,-80.0
-80.0,-80.0,-80.0,-80.0,-80.0,-80.0,-80.0,-80.0,-80.0,-80.0,-80.0,-80.0,-80.0,-80.0,-75.92286,-76.72968,-80.0,-80.0,-72.28001,-66.62526,-69.48446,-71.89424,-70.7262,-73.53044,-73.50065,-71.97948,-62.483955,-57.182182,-56.568184,-55.709915,-54.234726,-51.088696,-51.979366,-54.86641,-49.380295,-48.281055,-47.12665,-46.925728,-46.032402,-48.541866,-45.535583,-43.271805,-45.140778,-44.405167,-46.266373,-47.786285,-48.282276,-46.88871,-40.470833,-40.080208,-42.400146,-42.7156,-41.215263,-41.952286,-46.36827,-50.496258,-54.418964,-52.470833,-54.08673,-55.313095,-54.95793,-58.584568,-62.50836,-61.85716,-61.92417,-64.27881,-57.53658,-54.073967,-56.241634,-56.540176,-56.256386,-59.6793,-65.991646,-63.23633,-66.32685,-69.93858,-67.74032,-67.02745,-68.647675,-73.442535,-75.33555,-79.3177,-77.30317,-80.0,-78.30248,-75.65338,-73.37192,-75.85112,-77.57425,-79.86452,-79.002884,-79.46206,-80.0,-79.69717,-80.0,-80.0,-80.0,-80.0,-80.0,-79.402855,-74.79335,-75.69363,-74.34859,-77.431854,-80.0,-80.0,-80.0,-80.0,-80.0,-80.0,-80.0,-80.0,-80.0,-80.0,-80.0,-80.0,-80.0,-80.0,-80.0,-80.0,-80.0,-80.0
-80.0,-80.0,-80.0,-80.0,-80.0,-80.0,-80.0,-80.0,-80.0,-80.0,-80.0,-80.0,-80.0,-80.0,-80.0,-80.0,-80.0,-80.0,-77.322136,-75.12729,-76.90073,-75.939545,-73.47189,-75.10471,-76.49692,-75.57478,-67.52402,-65.13005,-60.92325,-55.08554,-53.298798,-53.746365,-50.347664,-50.507034,-47.695686,-42.39153,-43.40103,-49.63249,-44.727936,-44.40986,-46.825806,-47.67112,-48.960846,-45.635597,-47.824837,-54.426476,-58.71701,-58.06766,-53.66114,-58.598526,-64.01761,-59.483,-57.130283,-54.361877,-55.84973,-57.160244,-54.696075,-54.97055,-59.028034,-56.792908,-52.235695,-57.976376,-63.471893,-62.14489,-60.12038,-59.81349,-58.050236,-59.732193,-59.822235,-57.1537,-60.038628,-62.487347,-60.190056,-60.453514,-63.12816,-68.78668,-69.90249,-68.627045,-70.37938,-72.31886,-70.48791,-71.76155,-72.12225,-78.36063,-77.9923,-72.15375,-70.22984,-74.45491,-80.0,-79.97452,-80.0,-80.0,-80.0,-79.60483,-80.0,-80.0,-79.12285,-80.0,-80.0,-75.587234,-73.759926,-72.72721,-73.53998,-78.288994,-80.0,-80.0,-80.0,-80.0,-80.0,-80.0,-80.0,-80.0,-80.0,-80.0,-80.0,-80.0,-80.0,-80.0,-80.0,-80.0,-80.0,-80.0
-80.0,-80.0,-80.0,-80.0,-80.0,-80.0,-80.0,-80.0,-80.0,-80.0,-80.0,-80.0,-80.0,-80.0,-80.0,-80.0,-80.0,-80.0,-78.81146,-76.58076,-79.99188,-80.0,-77.86744,-77.207306,-80.0,-79.961914,-72.286804,-69.86587,-65.46277,-58.08653,-54.39131,-54.24634,-53.062553,-49.540344,-49.214367,-51.18783,-49.557816,-50.479454,-50.718117,-53.403625,-53.93432,-53.43772,-51.624645,-52.258934,-53.705704,-52.493977,-50.278595,-44.30121,-41.0369,-39.7676,-40.7286,-42.242912,-43.934265,-47.914505,-54.158737,-60.728806,-59.00441,-55.936897,-57.416912,-56.786926,-55.25848,-57.070297,-57.848152,-58.961426,-59.791832,-59.99493,-58.708145,-58.38061,-60.184673,-56.987404,-54.636192,-57.230156,-59.10134,-61.935204,-67.42523,-68.333176,-69.9308,-71.77496,-78.05972,-76.77502,-72.56634,-70.79878,-73.33754,-78.43709,-80.0,-76.68684,-76.694695,-79.816795,-79.83508,-80.0,-80.0,-80.0,-80.0,-80.0,-80.0,-80.0,-77.56233,-76.22478,-77.70538,-73.80044,-76.84077,-79.47022,-77.73541,-78.76521,-80.0,-80.0,-80.0,-80.0,-80.0,-80.0,-80.0,-80.0,-80.0,-80.0,-80.0,-80.0,-80.0,-80.0,-80.0,-80.0,-80.0,-80.0
-80.0,-80.0,-80.0,-80.0,-80.0,-80.0,-80.0,-80.0,-80.0,-80.0,-80.0,-80.0,-80.0,-80.0,-80.0,-80.0,-80.0,-80.0,-80.0,-80.0,-80.0,-80.0,-80.0,-80.0,-80.0,-75.20265,-70.08203,-64.55742,-61.572937,-54.11336,-50.262993,-53.35754,-54.489346,-51.255215,-51.30093,-54.35709,-50.604244,-51.31061,-53.705753,-56.740276,-58.63019,-51.36286,-46.651115,-49.462036,-51.2811,-48.856438,-46.806866,-43.389915,-40.16897,-39.5187,-40.88964,-42.4142,-43.70119,-46.34018,-52.74586,-57.829258,-56.3658,-55.013092,-52.534252,-55.11812,-55.66991,-57.60217,-56.462204,-58.703735,-63.40395,-61.61913,-60.514088,-59.164474,-65.67713,-56.851536,-54.37986,-56.60785,-58.40261,-61.03452,-65.40675,-69.42889,-69.16745,-69.5287,-73.612946,-75.049866,-71.57022,-72.464935,-73.51488,-77.02333,-77.25615,-73.59731,-76.12936,-80.0,-80.0,-80.0,-80.0,-80.0,-80.0,-80.0,-80.0,-80.0,-77.719604,-76.89925,-77.852974,-75.33081,-77.30519,-78.92305,-79.30822,-80.0,-80.0,-80.0,-80.0,-80.0,-80.0,-80.0,-80.0,-80.0,-80.0,-80.0,-80.0,-80.0,-80.0,-80.0,-80.0,-80.0,-80.0,-80.0
-80.0,-80.0,-80.0,-80.0,-80.0,-80.0,-80.0,-80.0,-80.0,-80.0,-80.0,-80.0,-80.0,-80.0,-80.0,-80.0,-80.0,-80.0,-80.0,-80.0,-80.0,-80.0,-80.0,-80.0,-80.0,-76.1685,-70.171295,-66.078995,-68.34014,-61.37001,-56.17448,-55.052383,-57.829056,-53.54842,-54.73724,-59.415886,-56.328365,-56.21684,-61.04368,-58.70701,-58.34817,-53.799076,-52.24288,-54.826046,-52.22718,-55.410774,-54.764442,-56.818928,-61.90865,-65.31717,-62.82169,-64.433426,-62.281334,-55.731205,-51.86058,-54.000828,-53.171124,-48.601376,-49.500572,-55.07212,-54.967598,-55.84586,-60.38927,-60.806435,-57.530167,-56.680164,-53.886627,-53.305946,-58.15104,-52.661522,-51.443176,-55.780186,-59.158276,-61.0779,-65.87079,-74.25745,-73.001495,-77.75951,-75.317635,-73.32133,-73.614365,-73.02098,-70.370026,-71.04102,-74.12103,-76.98961,-77.25339,-76.37999,-73.795815,-77.7821,-80.0,-78.82072,-80.0,-80.0,-78.59712,-78.01358,-79.7791,-79.92695,-76.597244,-74.464134,-77.99599,-77.68779,-80.0,-80.0,-80.0,-80.0,-80.0,-80.0,-80.0,-80.0,-80.0,-80.0,-80.0,-80.0,-80.0,-80.0,-80.0,-80.0,-80.0,-80.0,-80.0,-80.0
-80.0,-80.0,-80.0,-80.0,-80.0,-80.0,-80.0,-80.0,-80.0,-80.0,-80.0,-80.0,-80.0,-80.0,-80.0,-80.0,-80.0,-80.0,-80.0,-80.0,-80.0,-80.0,-80.0,-80.0,-80.0,-79.17995,-71.24716,-67.00983,-63.161938,-62.34362,-55.796337,-55.206184,-56.474865,-53.788162,-55.166702,-55.85317,-55.64458,-53.206013,-55.032925,-55.325447,-54.116127,-57.89167,-61.01378,-59.999043,-51.530075,-44.48683,-42.692337,-42.731796,-43.712082,-47.536243,-51.02394,-56.76169,-60.077293,-59.25477,-54.9426,-51.808014,-53.98759,-52.21772,-54.212795,-58.20235,-59.364075,-61.12275,-62.498108,-60.111637,-59.63958,-55.008713,-50.908768,-51.084618,-52.444397,-53.474766,-52.6353,-58.093616,-59.675304,-60.64052,-64.529205,-72.99037,-72.833664,-74.80199,-73.1107,-74.2616,-72.702965,-74.39826,-75.246826,-75.89076,-77.61708,-77.54294,-77.16869,-79.12844,-77.89982,-79.82929,-80.0,-80.0,-80.0,-80.0,-80.0,-80.0,-80.0,-78.54814,-78.262764,-80.0,-80.0,-80.0,-80.0,-80.0,-80.0,-80.0,-80.0,-80.0,-80.0,-80.0,-80.0,-80.0,-80.0,-80.0,-80.0,-80.0,-80.0,-80.0,-80.0,-80.0,-80.0,-80.0
-80.0,-80.0,-80.0,-80.0,-80.0,-80.0,-80.0,-80.0,-80.0,-80.0,-80.0,-80.0,-80.0,-80.0,-80.0,-80.0,-80.0,-80.0,-80.0,-80.0,-80.0,-80.0,-80.0,-80.0,-80.0,-80.0,-74.415146,-68.20584,-64.30328,-63.447777,-60.719643,-58.781292,-61.189163,-60.010986,-55.005905,-56.816216,-57.4802,-54.18746,-53.004784,-56.950794,-56.28187,-53.742393,-56.0048,-54.65947,-51.585682,-46.500374,-46.18132,-47.275734,-48.00184,-50.534878,-52.96598,-60.491478,-62.68476,-59.77186,-57.081306,-53.68971,-51.053757,-50.24228,-51.253494,-55.550755,-59.34379,-59.848263,-62.20306,-60.668495,-59.89015,-58.337967,-55.166775,-49.370407,-48.54016,-52.534252,-52.08411,-56.764397,-56.96085,-57.667976,-62.963238,-69.02786,-70.64546,-73.99213,-74.94108,-80.0,-77.05662,-76.13275,-78.905396,-78.64692,-75.67216,-74.56364,-74.95001,-80.0,-76.32978,-76.30399,-80.0,-80.0,-80.0,-80.0,-79.94737,-79.33847,-80.0,-80.0,-79.92528,-80.0,-77.09863,-77.75456,-80.0,-80.0,-80.0,-80.0,-80.0,-80.0,-80.0,-80.0,-80.0,-80.0,-80.0,-80.0,-80.0,-80.0,-80.0,-80.0,-80.0,-80.0,-80.0,-80.0
-80.0,-80.0,-80.0,-80.0,-80.0,-80.0,-80.0,-80.0,-80.0,-80.0,-80.0,-80.0,-80.0,-80.0,-80.0,-80.0,-80.0,-80.0,-80.0,-80.0,-80.0,-80.0,-80.0,-80.0,-80.0,-79.382126,-71.85172,-67.44496,-69.285095,-68.49823,-62.78472,-58.043266,-58.80368,-61.792545,-58.32985,-59.34395,-60.039097,-57.431664,-53.439377,-52.66347,-55.498535,-57.632675,-57.940994,-56.597794,-55.113518,-52.693752,-50.886574,-49.606464,-51.76176,-55.355152,-59.388485,-60.125927,-58.084408,-56.087162,-54.69182,-56.07307,-55.315636,-53.18222,-55.921947,-54.972187,-54.10375,-57.118332,-63.161335,-61.96882,-58.982224,-55.132675,-53.09037,-50.53583,-49.99757,-48.322113,-44.350197,-46.326527,-47.624313,-50.76899,-57.735218,-66.38952,-69.57348,-67.92645,-69.789276,-69.996796,-69.746445,-72.79829,-76.34169,-76.8251,-76.14805,-71.862686,-70.755135,-75.88367,-78.15314,-76.73358,-78.152596,-80.0,-80.0,-80.0,-80.0,-80.0,-80.0,-79.73872,-78.42982,-77.06308,-73.9126,-74.90027,-77.183624,-80.0,-80.0,-80.0,-80.0,-80.0,-80.0,-80.0,-80.0,-80.0,-80.0,-80.0,-80.0,-80.0,-80.0,-80.0,-80.0,-80.0,-80.0,-80.0
-80.0,-80.0,-80.0,-80.0,-80.0,-80.0,-80.0,-80.0,-80.0,-80.0,-80.0,-80.0,-80.0,-80.0,-80.0,-80.0,-80.0,-80.0,-80.0,-80.0,-80.0,-80.0,-80.0,-80.0,-80.0,-80.0,-74.40752,-70.517075,-71.98979,-69.54331,-65.85585,-60.604336,-60.11293,-58.4706,-58.69094,-55.522488,-53.46539,-54.934464,-53.24715,-50.534477,-53.37294,-58.62032,-54.184387,-53.303093,-47.804466,-45.28292,-45.414085,-46.080856,-48.577568,-52.3034,-57.155273,-58.04306,-54.924088,-55.487076,-56.056267,-55.55924,-53.166008,-51.74761,-54.313187,-55.178864,-55.907055,-57.560806,-62.961426,-62.02066,-58.063572,-50.05706,-46.96202,-43.122387,-43.144974,-43.52041,-38.92229,-38.059452,-39.490395,-43.217926,-53.027084,-63.11207,-66.68381,-64.5508,-65.51395,-68.80568,-69.37846,-67.57184,-65.653885,-68.635086,-72.25995,-71.14305,-74.121994,-75.7052,-71.86571,-75.23984,-77.18195,-75.911285,-78.01891,-78.42627,-76.18442,-77.57318,-77.5174,-77.82099,-76.846954,-73.78576,-72.47456,-73.709656,-79.508316,-80.0,-80.0,-80.0,-80.0,-80.0,-80.0,-80.0,-80.0,-80.0,-80.0,-80.0,-80.0,-80.0,-80.0,-80.0,-80.0,-80.0,-80.0,-80.0
-80.0,-80.0,-80.0,-80.0,-80.0,-80.0,-80.0,-80.0,-80.0,-80.0,-80.0,-80.0,-80.0,-80.0,-80.0,-80.0,-80.0,-80.0,-80.0,-80.0,-80.0,-80.0,-80.0,-80.0,-80.0,-80.0,-80.0,-76.081314,-71.78402,-68.28166,-67.57763,-67.412346,-62.8819,-58.091637,-60.947166,-56.25573,-55.167786,-59.242134,-54.43075,-51.581493,-52.82163,-52.926735,-56.828423,-54.404488,-49.389694,-49.21038,-53.828667,-55.683796,-57.886925,-57.50586,-57.129604,-58.633354,-59.47595,-57.827797,-57.42108,-58.225803,-56.343807,-53.0502,-54.362404,-53.996155,-55.987152,-58.949837,-63.00005,-60.925438,-60.100697,-56.042828,-52.16316,-45.877853,-43.20633,-41.576874,-39.26796,-39.654015,-44.390335,-49.88384,-53.251545,-60.461807,-63.49109,-65.277466,-62.00626,-63.93877,-66.8703,-68.09449,-65.10479,-64.31719,-69.12668,-75.05858,-70.646065,-68.64323,-71.897705,-74.940346,-73.22925,-73.257126,-76.73063,-75.72621,-74.13785,-72.24074,-71.74011,-74.390366,-72.281265,-69.3876,-68.46451,-70.0445,-75.09695,-77.26181,-77.962746,-80.0,-80.0,-80.0,-80.0,-80.0,-80.0,-80.0,-80.0,-80.0,-80.0,-80.0,-80.0,-80.0,-80.0,-80.0,-80.0,-80.0
-80.0,-80.0,-80.0,-80.0,-80.0,-80.0,-80.0,-80.0,-80.0,-80.0,-80.0,-80.0,-80.0,-80.0,-80.0,-80.0,-80.0,-80.0,-80.0,-80.0,-80.0,-80.0,-80.0,-80.0,-80.0,-80.0,-80.0,-77.690384,-74.14598,-71.69403,-67.24844,-62.635136,-61.698517,-60.43953,-60.10273,-58.145973,-55.309254,-57.28875,-54.403812,-52.320095,-52.597565,-54.494247,-57.83946,-53.50457,-52.126366,-51.94273,-50.768166,-46.848953,-49.026054,-48.14665,-46.425476,-48.42234,-52.47719,-49.440742,-50.679985,-58.006752,-55.834694,-53.75631,-55.22046,-57.073463,-57.20591,-57.417076,-61.067734,-58.53311,-56.90712,-54.938435,-53.005787,-51.389534,-44.832966,-43.026512,-44.72994,-46.01292,-46.50438,-49.55685,-51.342907,-55.902348,-64.195946,-62.75412,-59.84337,-62.388992,-62.76513,-63.804432,-62.254456,-61.262844,-66.27245,-68.03247,-65.06006,-65.58899,-70.25876,-74.40726,-72.6087,-71.349915,-75.09981,-77.425224,-74.42992,-75.04197,-72.102325,-69.752045,-70.08043,-70.05226,-72.60158,-73.12539,-73.236534,-77.48962,-80.0,-80.0,-80.0,-80.0,-80.0,-80.0,-80.0,-80.0,-80.0,-80.0,-80.0,-80.0,-80.0,-80.0,-80.0,-80.0,-80.0,-80.0
-80.0,-80.0,-80.0,-80.0,-80.0,-80.0,-80.0,-80.0,-80.0,-80.0,-80.0,-80.0,-80.0,-80.0,-80.0,-80.0,-80.0,-80.0,-80.0,-80.0,-80.0,-80.0,-80.0,-80.0,-80.0,-80.0,-80.0,-74.411514,-70.12191,-68.95523,-70.48435,-63.3473,-61.84533,-61.943787,-60.969566,-62.29834,-59.113045,-58.802597,-60.951935,-61.31536,-58.889675,-55.20239,-50.640656,-50.944176,-49.9333,-51.91201,-51.90635,-50.07962,-54.63553,-57.76418,-54.854862,-55.25891,-57.24402,-54.28774,-55.426254,-54.917107,-54.13604,-52.78072,-53.768486,-55.67673,-57.32909,-57.099728,-62.447315,-62.204414,-59.989777,-56.181156,-51.509953,-48.738182,-42.656174,-41.525124,-44.344704,-46.583252,-45.698357,-46.2151,-48.58245,-53.768612,-59.683716,-59.050743,-59.330658,-60.57295,-61.064713,-62.579586,-58.615246,-59.499916,-63.749893,-66.04705,-62.462555,-64.45486,-68.302444,-67.507416,-69.141624,-70.1575,-73.457596,-77.85997,-73.68222,-73.187706,-75.18944,-69.62392,-67.65916,-65.57883,-68.429726,-72.313705,-72.43823,-74.31846,-78.638504,-80.0,-80.0,-80.0,-80.0,-80.0,-80.0,-80.0,-80.0,-80.0,-80.0,-80.0,-80.0,-80.0,-80.0,-80.0,-80.0,-80.0
-80.0,-80.0,-80.0,-80.0,-80.0,-80.0,-80.0,-80.0,-80.0,-80.0,-80.0,-80.0,-80.0,-80.0,-80.0,-80.0,-80.0,-80.0,-80.0,-80.0,-80.0,-80.0,-80.0,-80.0,-80.0,-80.0,-80.0,-74.49727,-69.0428,-67.41296,-68.70035,-64.287254,-63.863712,-60.397655,-59.86476,-62.49376,-59.319183,-54.700172,-56.23976,-59.56439,-54.93599,-53.643547,-52.09703,-51.811447,-47.68519,-41.775185,-42.402985,-46.942173,-47.063984,-45.091026,-43.235058,-43.57344,-44.08676,-46.823532,-50.301903,-54.14848,-53.080097,-52.700703,-48.264393,-49.916824,-54.55681,-58.718197,-62.20649,-64.280914,-61.91267,-55.94897,-51.66326,-47.828697,-43.362427,-44.50319,-44.746094,-42.52484,-42.62169,-45.604134,-49.94209,-53.715588,-51.439415,-51.991383,-54.93494,-57.53702,-57.295475,-59.006165,-62.38514,-60.02076,-59.561676,-62.653625,-61.498272,-61.85783,-65.75968,-65.51836,-63.61827,-65.93268,-65.29535,-68.99431,-68.66258,-67.667496,-68.118225,-68.84697,-65.658775,-64.147514,-64.97049,-66.76165,-69.7272,-73.18784,-76.38751,-80.0,-80.0,-80.0,-80.0,-80.0,-80.0,-80.0,-80.0,-80.0,-80.0,-80.0,-80.0,-80.0,-80.0,-80.0,-80.0,-80.0
-80.0,-80.0,-80.0,-80.0,-80.0,-80.0,-80.0,-80.0,-80.0,-80.0,-80.0,-80.0,-80.0,-80.0,-80.0,-80.0,-80.0,-80.0,-80.0,-80.0,-80.0,-80.0,-80.0,-80.0,-80.0,-80.0,-78.54047,-74.68868,-67.79582,-65.445724,-66.06148,-66.59909,-62.520485,-56.57987,-58.98782,-57.521717,-56.875126,-54.778805,-53.832905,-50.104805,-49.00969,-47.768917,-49.58533,-45.834404,-44.081326,-42.268547,-42.760483,-45.431076,-46.779705,-48.198963,-47.784065,-49.755802,-50.428867,-50.99785,-52.530296,-53.836666,-52.714447,-52.72143,-52.906548,-56.685802,-60.661804,-62.552727,-60.121006,-60.701134,-59.296974,-54.539223,-49.75982,-45.161114,-43.35682,-43.493668,-44.335003,-41.67386,-40.883877,-42.834595,-43.573074,-46.886116,-48.791016,-47.651962,-46.963524,-49.51928,-51.171448,-52.394917,-55.845795,-58.092262,-59.753708,-59.660194,-56.52674,-57.515533,-60.312054,-60.40724,-61.43548,-59.855618,-60.877213,-61.219276,-63.69983,-67.16816,-64.206924,-64.05199,-63.045116,-66.585976,-69.37636,-70.336624,-70.622345,-74.25275,-80.0,-80.0,-80.0,-80.0,-80.0,-80.0,-80.0,-80.0,-80.0,-80.0,-80.0,-80.0,-80.0,-80.0,-80.0,-80.0,-80.0,-80.0
-80.0,-80.0,-80.0,-80.0,-80.0,-80.0,-80.0,-80.0,-80.0,-80.0,-80.0,-80.0,-80.0,-80.0,-80.0,-80.0,-80.0,-80.0,-80.0,-80.0,-80.0,-80.0,-80.0,-80.0,-80.0,-80.0,-80.0,-78.71683,-71.54816,-68.313095,-66.04285,-63.63058,-61.287804,-59.492912,-57.871143,-53.21995,-49.54141,-47.748764,-48.37757,-46.067635,-46.970722,-45.403507,-43.992004,-39.184776,-38.61576,-40.300636,-39.415768,-39.358818,-39.022152,-36.48028,-38.02977,-43.300144,-44.300117,-37.938522,-37.973183,-42.942337,-46.473713,-49.17666,-51.41868,-53.556618,-58.040794,-58.15959,-63.22206,-61.72008,-59.92794,-55.548435,-49.576324,-45.615242,-43.12696,-44.07302,-45.255352,-42.726494,-43.222305,-40.27741,-40.96386,-42.545723,-39.6107,-41.649544,-45.300102,-43.584938,-40.69259,-40.988346,-43.7587,-46.925247,-50.05066,-50.692375,-52.19471,-50.42913,-49.93995,-53.799454,-54.931614,-58.918854,-60.34603,-60.843174,-59.408627,-57.92702,-57.547775,-59.656467,-63.23474,-66.96629,-70.39061,-70.67696,-74.27675,-75.62605,-78.190605,-80.0,-80.0,-80.0,-80.0,-80.0,-80.0,-80.0,-80.0,-80.0,-80.0,-80.0,-80.0,-80.0,-80.0,-80.0,-80.0,-80.0
-80.0,-80.0,-80.0,-80.0,-80.0,-80.0,-80.0,-80.0,-80.0,-80.0,-80.0,-80.0,-80.0,-80.0,-80.0,-80.0,-80.0,-80.0,-80.0,-80.0,-80.0,-80.0,-80.0,-80.0,-80.0,-80.0,-78.75754,-71.07271,-69.25156,-69.14087,-66.16467,-65.40674,-62.4884,-60.4616,-54.780678,-48.98835,-48.668816,-45.802326,-43.955162,-42.43186,-43.993176,-46.32158,-43.96616,-41.401608,-42.807022,-43.869255,-46.769485,-44.920975,-43.162796,-42.872986,-44.712906,-46.551495,-44.687565,-41.07614,-41.10771,-43.32535,-44.385418,-49.285374,-50.016914,-56.045624,-61.93869,-61.911476,-62.442703,-63.76557,-58.78172,-57.422768,-58.046616,-51.782993,-46.794567,-46.02707,-45.523674,-43.318054,-41.447495,-39.473106,-40.416916,-43.40233,-41.339058,-42.61426,-43.345684,-39.973198,-38.902424,-37.0962,-39.523064,-42.68763,-41.18405,-45.321156,-45.511074,-45.11828,-45.88247,-48.108543,-49.368347,-51.143017,-56.288746,-56.125183,-53.775986,-53.83277,-56.903328,-57.926918,-61.81132,-62.448822,-66.96309,-71.49685,-72.12139,-76.76225,-79.97226,-80.0,-80.0,-80.0,-80.0,-80.0,-80.0,-80.0,-80.0,-80.0,-80.0,-80.0,-80.0,-80.0,-80.0,-80.0,-80.0,-80.0
-80.0,-80.0,-80.0,-80.0,-80.0,-80.0,-80.0,-80.0,-80.0,-80.0,-80.0,-80.0,-80.0,-80.0,-80.0,-80.0,-80.0,-80.0,-80.0,-80.0,-80.0,-80.0,-80.0,-80.0,-80.0,-80.0,-79.96561,-71.871185,-68.88511,-70.35738,-65.727554,-62.031082,-60.873566,-58.58909,-55.804054,-54.07491,-51.825645,-46.46214,-44.33734,-43.044155,-43.512047,-45.902496,-44.575645,-48.758698,-49.12479,-47.399216,-48.213173,-45.707947,-40.85417,-40.68502,-40.56018,-42.909527,-48.02643,-53.283028,-51.531918,-52.34098,-49.917885,-51.142097,-54.217598,-54.92913,-60.569984,-62.214947,-63.79121,-65.82777,-66.173416,-64.8868,-58.577396,-55.27582,-55.80061,-50.15928,-49.460655,-50.225742,-48.451714,-48.34508,-46.220634,-49.507565,-46.83355,-45.232826,-45.38095,-40.77797,-41.525124,-42.53721,-44.800972,-42.081245,-40.355293,-43.57961,-42.33947,-44.358242,-46.24428,-49.508545,-50.028168,-53.197952,-58.21906,-58.0481,-62.53228,-60.676765,-60.26517,-62.176952,-63.572098,-65.98944,-69.96065,-70.10933,-71.87373,-73.839615,-77.68664,-80.0,-80.0,-80.0,-80.0,-80.0,-80.0,-80.0,-80.0,-80.0,-80.0,-80.0,-80.0,-80.0,-80.0,-80.0,-80.0,-80.0
-80.0,-80.0,-80.0,-80.0,-80.0,-80.0,-80.0,-80.0,-80.0,-80.0,-80.0,-80.0,-80.0,-80.0,-80.0,-80.0,-80.0,-80.0,-80.0,-80.0,-80.0,-80.0,-80.0,-80.0,-80.0,-80.0,-80.0,-74.28466,-74.42704,-68.60806,-66.41785,-62.22787,-61.200516,-59.423977,-56.2418,-54.357582,-50.113007,-48.76251,-49.975246,-50.93946,-52.41365,-53.04761,-51.012897,-52.988293,-52.85627,-50.234146,-50.364532,-49.23197,-50.2698,-52.07426,-53.32156,-55.14296,-56.752235,-58.649433,-57.653133,-56.042652,-53.54979,-54.63694,-58.055832,-61.179306,-62.785797,-63.888382,-65.85221,-68.32822,-66.60394,-64.28055,-62.7516,-59.61366,-57.21322,-54.57887,-53.53785,-52.536697,-51.378292,-51.245285,-51.087467,-49.766632,-50.102085,-51.02613,-50.343456,-47.79876,-47.64743,-46.060295,-45.68286,-45.98879,-48.59174,-50.88072,-51.071625,-52.218754,-53.367977,-54.42934,-54.323475,-57.21644,-59.67736,-60.0766,-61.24428,-61.525192,-61.445564,-64.980865,-64.90103,-64.658264,-69.108795,-70.45679,-72.84865,-75.89107,-80.0,-80.0,-80.0,-80.0,-80.0,-80.0,-80.0,-80.0,-80.0,-80.0,-80.0,-80.0,-80.0,-80.0,-80.0,-80.0,-80.0,-80.0
-80.0,-80.0,-80.0,-80.0,-80.0,-80.0,-80.0,-80.0,-80.0,-80.0,-80.0,-80.0,-80.0,-80.0,-80.0,-80.0,-80.0,-80.0,-80.0,-80.0,-80.0,-80.0,-80.0,-80.0,-80.0,-80.0,-80.0,-76.67739,-74.38624,-67.22601,-66.15091,-64.390076,-59.01923,-57.21069,-57.160625,-53.946114,-54.277187,-53.961056,-52.92337,-53.79207,-53.507713,-55.76769,-52.873474,-53.22781,-54.54302,-49.969536,-49.345543,-49.702087,-51.84568,-52.29185,-54.415977,-57.057545,-54.728764,-58.081005,-59.695717,-58.04494,-58.459835,-58.593773,-59.806786,-60.41355,-63.93773,-64.346664,-65.59172,-71.3034,-69.70392,-66.823364,-62.722054,-59.575092,-57.938976,-57.906364,-53.91238,-51.57009,-52.422302,-54.569416,-53.053085,-51.5959,-50.79311,-50.89853,-50.12712,-48.94773,-48.35651,-47.47284,-48.414474,-49.22534,-51.48723,-51.242546,-50.29588,-55.47271,-58.950195,-55.366165,-56.022285,-57.69791,-58.406624,-61.096863,-61.79985,-63.777412,-64.89812,-67.921524,-69.021935,-68.23968,-70.1061,-74.56328,-77.30725,-80.0,-80.0,-80.0,-80.0,-80.0,-80.0,-80.0,-80.0,-80.0,-80.0,-80.0,-80.0,-80.0,-80.0,-80.0,-80.0,-80.0,-80.0,-80.0
-80.0,-80.0,-80.0,-80.0,-80.0,-80.0,-80.0,-80.0,-80.0,-80.0,-80.0,-80.0,-80.0,-80.0,-80.0,-80.0,-80.0,-80.0,-80.0,-80.0,-80.0,-80.0,-80.0,-80.0,-80.0,-80.0,-80.0,-76.65338,-74.684944,-69.559784,-67.85603,-67.08254,-62.241394,-61.79067,-57.383793,-54.363922,-53.771667,-51.98226,-51.726875,-52.50789,-53.960175,-56.06061,-53.467392,-50.47808,-47.059906,-46.058174,-43.374466,-39.764404,-37.943,-39.03448,-42.19243,-46.01171,-46.077744,-47.39984,-55.638397,-56.718197,-55.260292,-57.324337,-60.40293,-61.400673,-63.209282,-63.21962,-65.88818,-70.74665,-68.952415,-70.12463,-65.9962,-61.726112,-58.997932,-55.4617,-54.946136,-55.34859,-51.873756,-50.736015,-50.361877,-52.512768,-50.542492,-47.39604,-45.88349,-47.262608,-48.364525,-46.165268,-46.32115,-47.23539,-50.5064,-49.277763,-49.582344,-51.68804,-53.199898,-53.46165,-56.26316,-56.015198,-57.38447,-59.642803,-60.709435,-63.704132,-67.41192,-72.42172,-71.735,-70.91234,-70.93003,-78.976616,-80.0,-80.0,-80.0,-80.0,-80.0,-80.0,-80.0,-80.0,-80.0,-80.0,-80.0,-80.0,-80.0,-80.0,-80.0,-80.0,-80.0,-80.0,-80.0,-80.0
-80.0,-80.0,-80.0,-80.0,-80.0,-80.0,-80.0,-80.0,-80.0,-80.0,-80.0,-80.0,-80.0,-80.0,-80.0,-80.0,-80.0,-80.0,-80.0,-80.0,-80.0,-80.0,-80.0,-80.0,-80.0,-80.0,-80.0,-76.64302,-74.92532,-72.34993,-66.055214,-63.190453,-60.815113,-58.316677,-58.441536,-54.010674,-50.341377,-49.997986,-46.432976,-46.458954,-47.855293,-49.87437,-46.34575,-46.15416,-41.791992,-37.298843,-36.35186,-39.572186,-42.191887,-38.674713,-35.949455,-37.571617,-41.129726,-42.073853,-44.07735,-47.38591,-53.452003,-58.003098,-62.109604,-62.367344,-62.140816,-65.46253,-66.194,-71.375046,-71.03552,-69.51385,-67.13701,-64.22153,-61.873142,-59.44689,-58.672253,-57.013767,-56.873444,-54.26819,-54.39582,-56.401497,-55.457558,-53.041763,-52.155396,-52.237587,-53.40761,-52.95847,-51.999527,-53.08844,-51.336052,-51.502045,-53.061584,-55.485577,-56.081005,-57.57932,-59.98089,-60.124046,-59.76789,-62.712536,-64.205185,-67.06092,-70.36669,-72.43323,-74.99679,-75.08751,-76.111664,-80.0,-80.0,-80.0,-80.0,-80.0,-80.0,-80.0,-80.0,-80.0,-80.0,-80.0,-80.0,-80.0,-80.0,-80.0,-80.0,-80.0,-80.0,-80.0,-80.0,-80.0
-80.0,-80.0,-80.0,-80.0,-80.0,-80.0,-80.0,-80.0,-80.0,-80.0,-80.0,-80.0,-80.0,-80.0,-80.0,-80.0,-80.0,-80.0,-80.0,-80.0,-80.0,-80.0,-80.0,-80.0,-80.0,-80.0,-80.0,-78.34757,-74.6014,-70.85544,-66.01013,-60.8424,-56.72896,-54.72997,-53.44148,-50.708023,-52.93244,-49.208782,-45.016792,-44.177536,-45.138145,-46.375427,-45.634117,-45.19608,-41.957058,-34.488705,-33.02492,-36.920704,-43.268497,-37.318924,-33.15843,-34.0428,-38.24115,-39.605812,-39.977108,-43.160755,-48.648327,-51.057343,-53.995743,-56.878605,-57.64562,-61.928043,-65.443634,-68.76561,-67.35457,-67.20154,-66.1198,-64.26401,-59.716824,-58.97001,-56.62825,-56.677803,-55.314716,-52.84947,-57.214024,-59.218357,-60.01297,-59.045532,-56.201508,-55.58668,-55.908577,-57.516956,-59.00179,-58.104183,-56.657333,-56.166992,-57.606956,-60.446186,-61.340084,-62.901413,-64.47015,-65.10074,-65.96835,-66.29776,-69.02873,-70.0863,-69.30018,-70.97651,-72.11249,-73.86093,-75.843315,-79.014786,-80.0,-80.0,-80.0,-80.0,-80.0,-80.0,-80.0,-80.0,-80.0,-80.0,-80.0,-80.0,-80.0,-80.0,-80.0,-80.0,-80.0,-80.0,-80.0,-80.0
-80.0,-80.0,-80.0,-80.0,-80.0,-80.0,-80.0,-80.0,-80.0,-80.0,-80.0,-80.0,-80.0,-80.0,-80.0,-80.0,-80.0,-80.0,-80.0,-80.0,-80.0,-80.0,-80.0,-80.0,-80.0,-80.0,-80.0,-78.76555,-73.71249,-68.04872,-63.926537,-57.54118,-55.61255,-50.882645,-49.174904,-48.733227,-48.463654,-43.1772,-41.924477,-44.82775,-46.275307,-45.73662,-47.170753,-47.78588,-47.830013,-47.004562,-43.567085,-40.844982,-41.57852,-43.001144,-40.391624,-39.86206,-43.209824,-48.091656,-48.59423,-47.725792,-48.33158,-50.526352,-52.56595,-55.25659,-58.700363,-60.384262,-64.02072,-69.146515,-64.12241,-63.938236,-68.25951,-62.862625,-56.3823,-56.021545,-52.24671,-49.307537,-49.06878,-51.013584,-52.30844,-53.922745,-55.70015,-56.25933,-56.291695,-55.33484,-57.534084,-56.127846,-57.554264,-59.386127,-58.73006,-57.846794,-58.766983,-63.07497,-63.38449,-62.4885,-62.808353,-66.30029,-67.173584,-68.15796,-71.39406,-69.87387,-67.601776,-66.70744,-68.98462,-73.28992,-75.99325,-77.25719,-79.01964,-80.0,-80.0,-80.0,-80.0,-80.0,-80.0,-80.0,-80.0,-80.0,-80.0,-80.0,-80.0,-80.0,-80.0,-80.0,-80.0,-80.0,-80.0,-80.0
-80.0,-80.0,-80.0,-80.0,-80.0,-80.0,-80.0,-80.0,-80.0,-80.0,-80.0,-80.0,-80.0,-80.0,-80.0,-80.0,-80.0,-80.0,-80.0,-80.0,-80.0,-80.0,-80.0,-80.0,-80.0,-80.0,-79.94951,-77.34732,-74.90741,-69.21843,-62.08696,-57.27007,-54.244507,-53.46369,-50.91983,-51.69397,-51.39779,-48.418884,-49.55742,-50.18917,-51.642853,-55.2517,-56.388294,-56.38079,-55.65115,-54.531002,-52.706924,-49.051605,-48.12368,-49.852787,-48.779747,-47.75267,-50.279167,-52.569984,-53.95066,-53.433395,-53.663082,-54.510914,-52.009434,-53.159042,-58.50364,-61.079205,-63.55237,-67.87519,-66.85155,-65.62608,-58.71906,-57.851204,-56.406273,-50.47586,-49.06678,-46.85241,-46.895638,-49.510017,-51.830933,-52.58792,-52.597897,-51.021122,-50.40163,-51.899246,-52.28853,-51.973755,-57.187145,-57.21461,-54.501495,-54.641697,-56.45135,-61.64367,-60.539726,-63.915115,-67.04672,-67.42752,-67.69896,-66.44804,-66.40941,-69.952255,-67.74012,-67.36399,-71.68901,-74.509186,-71.857086,-72.341736,-78.19536,-80.0,-80.0,-80.0,-80.0,-80.0,-80.0,-80.0,-80.0,-80.0,-80.0,-80.0,-80.0,-80.0,-80.0,-80.0,-80.0,-80.0,-80.0,-80.0
-80.0,-80.0,-80.0,-80.0,-80.0,-80.0,-80.0,-80.0,-80.0,-80.0,-80.0,-80.0,-80.0,-80.0,-80.0,-80.0,-80.0,-80.0,-80.0,-80.0,-80.0,-80.0,-80.0,-80.0,-80.0,-80.0,-75.38599,-73.36773,-67.839005,-64.36378,-61.382694,-60.321014,-56.237576,-54.924583,-54.71693,-53.64517,-51.8459,-53.316093,-53.77698,-53.91519,-56.70425,-60.24912,-59.346313,-61.953197,-65.25316,-65.015076,-59.989388,-57.828804,-57.5619,-56.111958,-56.457798,-53.871822,-54.284546,-56.147335,-55.35127,-57.029076,-59.296455,-54.247063,-55.234196,-58.821793,-56.935204,-59.42034,-66.44221,-66.29839,-68.804306,-66.87059,-61.00883,-61.56949,-60.96292,-58.797832,-57.484272,-55.429077,-54.28289,-51.930363,-53.623215,-56.487774,-55.963726,-54.099236,-53.28469,-55.25062,-55.283154,-55.159653,-56.91215,-59.82423,-61.330727,-59.742287,-59.948933,-62.60822,-64.40026,-67.52055,-67.38875,-69.529724,-71.151215,-71.06513,-72.15166,-71.52707,-70.75235,-70.4176,-73.159584,-77.54618,-76.89477,-78.929276,-80.0,-80.0,-80.0,-80.0,-80.0,-80.0,-80.0,-80.0,-80.0,-80.0,-80.0,-80.0,-80.0,-80.0,-80.0,-80.0,-80.0,-80.0,-80.0,-80.0
-80.0,-80.0,-80.0,-80.0,-80.0,-80.0,-80.0,-80.0,-80.0,-80.0,-80.0,-80.0,-80.0,-80.0,-80.0,-80.0,-80.0,-80.0,-80.0,-80.0,-80.0,-80.0,-80.0,-80.0,-80.0,-77.02024,-71.866104,-67.389244,-62.89318,-58.339306,-56.05031,-56.296577,-55.792774,-53.36508,-51.240356,-54.021515,-53.81815,-55.799915,-56.603176,-54.198044,-50.908096,-53.68059,-58.00344,-59.054813,-60.58996,-63.953777,-63.680862,-60.910194,-57.951576,-57.226906,-60.19821,-59.786896,-58.782158,-57.787376,-56.91618,-58.10412,-57.22161,-54.174892,-55.78946,-61.712914,-60.64537,-62.19289,-67.40083,-68.5199,-68.3725,-70.838196,-70.53768,-71.63468,-70.91516,-68.87941,-67.61563,-66.45849,-64.21153,-61.39822,-63.19166,-67.08133,-62.816505,-61.205853,-63.250477,-64.03375,-60.546364,-60.090954,-61.737324,-62.399834,-62.10858,-63.943016,-65.64583,-68.467514,-69.31128,-71.11571,-71.619896,-71.731026,-72.09622,-72.67502,-73.47063,-73.16536,-73.9258,-75.802315,-76.589066,-79.06942,-80.0,-79.29689,-80.0,-80.0,-80.0,-80.0,-80.0,-80.0,-80.0,-80.0,-80.0,-80.0,-80.0,-80.0,-80.0,-80.0,-80.0,-80.0,-80.0,-80.0,-80.0,-80.0
-80.0,-80.0,-80.0,-80.0,-80.0,-80.0,-80.0,-80.0,-80.0,-80.0,-80.0,-80.0,-80.0,-80.0,-80.0,-80.0,-80.0,-80.0,-80.0,-80.0,-80.0,-80.0,-80.0,-80.0,-79.93652,-76.8277,-64.04242,-60.604275,-59.58509,-55.08438,-53.265263,-53.005856,-52.159725,-50.711163,-51.37668,-53.013866,-52.37273,-54.421806,-54.143898,-54.054306,-52.10683,-53.62201,-58.47116,-57.273293,-58.20028,-60.76448,-65.23198,-68.061516,-67.806625,-68.26044,-65.37036,-64.01843,-62.070312,-60.85775,-56.716663,-58.457195,-60.29569,-57.332138,-57.991245,-60.10592,-60.022526,-62.293427,-67.93507,-69.243744,-69.45441,-68.62332,-63.481136,-64.61813,-65.508606,-66.51004,-70.25632,-72.52931,-71.331406,-69.60081,-68.61016,-66.24808,-64.64327,-63.890415,-63.578857,-64.112854,-64.74573,-63.349224,-64.38851,-65.418365,-61.051136,-61.44661,-64.94141,-67.655106,-68.56981,-69.75792,-69.72332,-70.5222,-71.841064,-73.28421,-73.43171,-73.14958,-76.42107,-78.58003,-79.87448,-80.0,-80.0,-80.0,-80.0,-80.0,-80.0,-80.0,-80.0,-80.0,-80.0,-80.0,-80.0,-80.0,-80.0,-80.0,-80.0,-80.0,-80.0,-80.0,-80.0,-80.0,-80.0,-80.0
-80.0,-80.0,-80.0,-80.0,-80.0,-80.0,-80.0,-80.0,-80.0,-80.0,-80.0,-80.0,-80.0,-80.0,-80.0,-80.0,-80.0,-80.0,-80.0,-80.0,-80.0,-80.0,-80.0,-80.0,-78.22413,-69.5521,-59.621708,-55.04739,-57.463104,-52.80461,-49.200336,-48.30921,-49.466793,-49.253708,-51.727936,-54.394848,-52.471024,-55.678642,-56.48095,-55.024612,-56.067196,-58.74795,-60.959167,-63.552486,-65.10751,-68.891205,-70.79544,-70.36722,-69.354706,-67.94342,-66.26943,-65.67391,-63.315628,-62.343044,-58.701206,-57.585815,-58.561386,-57.91098,-56.560127,-58.235867,-61.308178,-62.00753,-62.37538,-68.23625,-69.25809,-66.91409,-64.75875,-67.609245,-68.55721,-70.54203,-73.63502,-73.98256,-74.47398,-73.705025,-72.03139,-70.67691,-69.66026,-67.976395,-65.42464,-62.816364,-63.805115,-65.50183,-60.817593,-59.32244,-59.12285,-59.34546,-58.648685,-62.636356,-65.44313,-66.04789,-65.73564,-67.243225,-69.62785,-71.87304,-72.75916,-75.87189,-79.38113,-78.07674,-76.20868,-78.51985,-80.0,-80.0,-79.29347,-80.0,-80.0,-80.0,-80.0,-80.0,-80.0,-80.0,-80.0,-80.0,-80.0,-80.0,-80.0,-80.0,-80.0,-80.0,-80.0,-80.0,-80.0,-80.0
-80.0,-80.0,-80.0,-80.0,-80.0,-80.0,-80.0,-80.0,-80.0,-80.0,-80.0,-80.0,-80.0,-80.0,-80.0,-80.0,-80.0,-80.0,-80.0,-80.0,-80.0,-80.0,-80.0,-80.0,-80.0,-72.36733,-64.52875,-60.540356,-59.512817,-52.83866,-49.06502,-51.00974,-52.192486,-53.72759,-55.350533,-57.68074,-57.997086,-59.016983,-59.283047,-58.159794,-59.25026,-61.28526,-63.55953,-67.34455,-68.93441,-71.41397,-68.92198,-68.158676,-68.57271,-68.517746,-67.698395,-68.38611,-64.48254,-62.043915,-57.713333,-56.012512,-58.610104,-55.27192,-52.702103,-54.449722,-56.768883,-60.962875,-62.858948,-65.51661,-67.0699,-67.20992,-66.9588,-64.31111,-64.95152,-68.14421,-70.306175,-73.18952,-70.816895,-68.71677,-69.50342,-65.16734,-63.467323,-63.86696,-58.294163,-57.07606,-56.99516,-56.99403,-55.51593,-54.28647,-55.435192,-58.58799,-60.05983,-60.995617,-63.658478,-63.399883,-64.93592,-66.40493,-66.45734,-70.09517,-72.33806,-72.45193,-74.07753,-76.54498,-77.28136,-78.1493,-80.0,-80.0,-80.0,-80.0,-80.0,-80.0,-80.0,-80.0,-80.0,-80.0,-80.0,-80.0,-80.0,-80.0,-80.0,-80.0,-80.0,-80.0,-80.0,-80.0,-80.0,-80.0
-80.0,-80.0,-80.0,-80.0,-80.0,-80.0,-80.0,-80.0,-80.0,-80.0,-80.0,-80.0,-80.0,-80.0,-80.0,-80.0,-80.0,-80.0,-80.0,-80.0,-80.0,-80.0,-80.0,-80.0,-80.0,-79.48102,-71.04175,-68.73616,-66.60135,-64.4828,-63.007008,-59.92977,-59.160896,-59.68836,-61.40049,-61.166683,-57.659042,-55.989563,-56.09255,-57.80127,-60.017242,-63.52552,-67.1842,-68.21167,-68.47982,-68.891205,-66.902084,-65.80528,-65.61594,-68.736885,-66.558334,-64.607376,-64.564705,-62.464165,-56.509346,-54.946156,-55.691574,-52.44862,-52.13833,-56.804237,-57.7134,-61.854485,-65.62062,-66.67529,-68.44866,-68.02998,-65.01703,-65.14907,-63.272354,-64.54101,-67.21564,-71.23044,-73.28996,-69.812,-70.092636,-64.22058,-59.677464,-59.140755,-57.86976,-53.84238,-49.278866,-50.260803,-52.201706,-50.55618,-52.017456,-54.019894,-53.262558,-54.551796,-59.33948,-59.325474,-59.90078,-61.130264,-61.04029,-65.148766,-66.80327,-67.44046,-71.69158,-76.37154,-77.86032,-74.232544,-74.63139,-77.14335,-80.0,-80.0,-80.0,-80.0,-80.0,-80.0,-80.0,-80.0,-80.0,-80.0,-80.0,-80.0,-80.0,-80.0,-80.0,-80.0,-80.0,-80.0,-80.0,-80.0
-80.0,-80.0,-80.0,-80.0,-80.0,-80.0,-80.0,-80.0,-80.0,-80.0,-80.0,-80.0,-80.0,-80.0,-80.0,-80.0,-80.0,-80.0,-80.0,-80.0,-80.0,-80.0,-80.0,-80.0,-80.0,-80.0,-80.0,-76.332756,-71.47249,-68.431274,-66.55145,-62.928444,-63.20288,-63.726044,-61.8026,-59.60549,-56.40521,-53.798042,-54.168327,-56.842888,-55.823433,-57.185818,-61.964943,-61.896774,-62.6754,-62.893154,-61.270073,-60.294262,-59.534554,-59.379036,-60.244545,-63.3056,-62.90601,-63.962425,-62.47728,-58.69342,-57.41106,-57.226044,-58.329834,-60.71172,-60.85579,-64.136444,-69.095245,-70.72048,-71.637115,-72.00746,-68.22748,-66.94844,-66.10893,-67.57077,-68.58645,-70.934814,-69.670074,-66.99773,-65.00162,-64.13423,-65.00064,-67.066696,-64.388565,-57.58705,-56.05415,-57.98026,-57.858997,-56.499283,-57.275795,-57.289352,-58.532574,-61.356564,-62.644714,-66.02886,-69.09615,-67.579285,-69.495605,-72.047134,-73.36961,-73.68384,-76.81705,-78.60847,-77.93795,-76.73773,-76.27254,-79.28186,-80.0,-80.0,-80.0,-80.0,-80.0,-80.0,-80.0,-80.0,-80.0,-80.0,-80.0,-80.0,-80.0,-80.0,-80.0,-80.0,-80.0,-80.0,-80.0,-80.0
-80.0,-80.0,-80.0,-80.0,-80.0,-80.0,-80.0,-80.0,-80.0,-80.0,-80.0,-80.0,-80.0,-80.0,-80.0,-80.0,-80.0,-80.0,-80.0,-80.0,-80.0,-80.0,-80.0,-80.0,-80.0,-80.0,-80.0,-76.30018,-70.831345,-67.97144,-67.05156,-64.78644,-63.22883,-61.11952,-59.657425,-60.573513,-62.334538,-59.04125,-56.620846,-56.929543,-56.528023,-59.056007,-61.70194,-61.849224,-62.79454,-58.737297,-56.667908,-58.106888,-60.492165,-59.585327,-59.201527,-61.98747,-61.611626,-61.768044,-62.135403,-59.571945,-58.11345,-57.720383,-57.31168,-57.613647,-59.21861,-63.228294,-67.57626,-65.07081,-65.973755,-66.43938,-64.38104,-62.2783,-63.51417,-63.990833,-65.97711,-69.581535,-68.14213,-68.4901,-68.15828,-71.02536,-73.12242,-73.57213,-71.92308,-71.03998,-72.768845,-73.09201,-73.50539,-72.2805,-74.66048,-77.512146,-77.36185,-75.38432,-76.76644,-78.70771,-77.79562,-78.91247,-79.356186,-78.70958,-78.96948,-79.14131,-79.557945,-80.0,-80.0,-80.0,-80.0,-80.0,-80.0,-80.0,-80.0,-80.0,-80.0,-80.0,-80.0,-80.0,-80.0,-80.0,-80.0,-80.0,-80.0,-80.0,-80.0,-80.0,-80.0,-80.0,-80.0,-80.0
-80.0,-80.0,-80.0,-80.0,-80.0,-80.0,-80.0,-80.0,-80.0,-80.0,-80.0,-80.0,-80.0,-80.0,-80.0,-80.0,-80.0,-80.0,-80.0,-80.0,-80.0,-80.0,-80.0,-80.0,-80.0,-80.0,-79.981094,-75.12407,-70.8554,-67.71758,-67.38718,-63.024857,-61.528385,-61.899174,-60.700912,-61.127537,-59.896633,-59.77956,-60.326633,-58.519638,-57.402756,-56.75801,-58.46554,-58.018547,-54.91525,-54.686657,-54.44604,-55.123386,-58.12815,-56.312923,-57.264603,-59.647083,-56.75219,-56.451286,-59.636898,-60.06279,-59.687828,-59.379562,-56.95758,-56.69953,-57.707634,-62.35946,-65.96718,-64.92558,-64.528885,-65.880684,-65.73761,-64.74898,-64.82866,-66.722145,-70.58951,-72.58426,-72.4797,-74.16348,-76.732635,-77.42139,-76.77911,-75.889984,-75.50527,-77.141014,-80.0,-80.0,-78.5374,-78.42757,-78.49431,-80.0,-80.0,-80.0,-80.0,-80.0,-80.0,-80.0,-80.0,-79.56207,-80.0,-80.0,-80.0,-80.0,-80.0,-80.0,-80.0,-80.0,-80.0,-80.0,-80.0,-80.0,-80.0,-80.0,-80.0,-80.0,-80.0,-80.0,-80.0,-80.0,-80.0,-80.0,-80.0,-80.0,-80.0,-80.0,-80.0,-80.0
-80.0,-80.0,-80.0,-80.0,-80.0,-80.0,-80.0,-80.0,-80.0,-80.0,-80.0,-80.0,-80.0,-80.0,-80.0,-80.0,-80.0,-80.0,-80.0,-80.0,-80.0,-80.0,-80.0,-80.0,-80.0,-80.0,-80.0,-77.6531,-73.92752,-70.514915,-68.74432,-63.92485,-62.70829,-59.61011,-57.373577,-55.87612,-54.83324,-55.639862,-55.89388,-56.783665,-56.95141,-53.817802,-53.368786,-53.34178,-51.658882,-52.439953,-53.271935,-51.244503,-48.552147,-49.064903,-50.690205,-53.936478,-55.745216,-56.1874,-56.9117,-59.61254,-59.076252,-59.33129,-59.416737,-58.606705,-57.888874,-60.380646,-65.41858,-66.813614,-64.70173,-65.89884,-67.34242,-68.0759,-71.077095,-72.845436,-75.87639,-76.39817,-77.46942,-79.54122,-80.0,-80.0,-80.0,-80.0,-79.1106,-79.03253,-79.759,-80.0,-78.13313,-77.480255,-77.91196,-79.31907,-80.0,-80.0,-80.0,-80.0,-80.0,-80.0,-80.0,-80.0,-80.0,-80.0,-80.0,-80.0,-80.0,-80.0,-80.0,-80.0,-80.0,-80.0,-80.0,-80.0,-80.0,-80.0,-80.0,-80.0,-80.0,-80.0,-80.0,-80.0,-80.0,-80.0,-80.0,-80.0,-80.0,-80.0,-80.0,-80.0
-80.0,-80.0,-80.0,-80.0,-80.0,-80.0,-80.0,-80.0,-80.0,-80.0,-80.0,-80.0,-80.0,-80.0,-80.0,-80.0,-80.0,-80.0,-80.0,-80.0,-80.0,-80.0,-80.0,-80.0,-80.0,-80.0,-78.8465,-76.47753,-72.285866,-68.6039,-67.0975,-62.725544,-61.379166,-59.942894,-56.522644,-54.90448,-56.21765,-55.034447,-52.90223,-52.124958,-51.093018,-51.64957,-49.927315,-46.62785,-45.74862,-48.303406,-46.979507,-43.62766,-45.571587,-45.314117,-43.213577,-46.18091,-48.570637,-49.638203,-50.70662,-55.259792,-56.00199,-54.295124,-57.016754,-58.19782,-58.293736,-63.119595,-67.10062,-66.232704,-66.77867,-66.12806,-66.44746,-66.40537,-69.00687,-70.501076,-72.1632,-69.91457,-69.924484,-74.33208,-76.00731,-74.487595,-74.63768,-74.65086,-74.53322,-75.444626,-77.956375,-75.46849,-73.53662,-75.119095,-76.33684,-75.204605,-75.79749,-77.5314,-78.1666,-77.8367,-78.67949,-79.54367,-77.005844,-79.458115,-78.80891,-76.81169,-79.56439,-80.0,-80.0,-80.0,-80.0,-80.0,-80.0,-80.0,-80.0,-80.0,-80.0,-80.0,-80.0,-80.0,-80.0,-80.0,-80.0,-80.0,-80.0,-80.0,-80.0,-80.0,-80.0,-80.0,-80.0,-80.0
-80.0,-80.0,-80.0,-80.0,-80.0,-80.0,-80.0,-80.0,-80.0,-80.0,-80.0,-80.0,-80.0,-80.0,-80.0,-80.0,-80.0,-80.0,-80.0,-80.0,-80.0,-80.0,-80.0,-80.0,-80.0,-78.28401,-76.327835,-77.2263,-70.20564,-63.77193,-61.7771,-61.25391,-58.82616,-58.771675,-57.152653,-55.190376,-54.05469,-53.942047,-52.98095,-51.405678,-48.091972,-46.82548,-47.297684,-45.736015,-46.270805,-49.3499,-46.875984,-45.122047,-45.684147,-45.84247,-45.35136,-45.211514,-46.35109,-49.62398,-51.2264,-53.44864,-54.641212,-55.40096,-56.388298,-55.597656,-57.7005,-61.39514,-64.87336,-66.674706,-65.86615,-63.936665,-64.15287,-64.715294,-63.692055,-65.189186,-66.67238,-64.469894,-63.14674,-62.74266,-65.26085,-67.89524,-67.23249,-66.0571,-68.29878,-70.6259,-68.12511,-65.94733,-64.60752,-65.43796,-66.15578,-66.75343,-67.314575,-67.07299,-67.69358,-70.5826,-70.17573,-69.08821,-71.65439,-71.107285,-70.99683,-72.00056,-73.285034,-74.42876,-76.90851,-78.06559,-76.80441,-78.28102,-80.0,-80.0,-80.0,-80.0,-80.0,-80.0,-80.0,-80.0,-80.0,-80.0,-80.0,-80.0,-80.0,-80.0,-80.0,-80.0,-80.0,-80.0,-80.0,-80.0
-80.0,-80.0,-80.0,-80.0,-80.0,-80.0,-80.0,-80.0,-80.0,-80.0,-80.0,-80.0,-80.0,-80.0,-80.0,-80.0,-80.0,-80.0,-80.0,-80.0,-80.0,-80.0,-80.0,-80.0,-80.0,-79.6883,-78.355606,-76.53458,-70.231285,-65.18265,-63.521614,-61.113834,-58.209835,-58.927624,-57.351746,-57.535454,-55.722984,-53.377304,-53.32128,-51.97712,-50.695904,-49.592003,-46.97415,-46.682358,-47.09381,-47.85726,-48.96985,-47.611237,-47.70711,-45.72513,-46.814598,-48.251724,-49.746418,-50.15795,-48.34886,-51.939507,-54.41688,-56.448605,-57.598934,-56.216003,-57.933784,-60.40741,-65.05632,-66.017525,-62.493347,-61.57075,-61.127045,-62.896027,-62.56465,-61.87339,-64.22472,-60.505047,-59.75855,-60.95745,-63.16911,-63.786884,-62.713142,-63.739277,-64.67227,-66.309006,-63.971313,-60.69769,-60.460598,-62.731606,-60.073654,-61.77482,-61.462257,-62.79725,-64.12221,-64.1897,-62.02231,-62.542515,-62.697163,-64.47282,-66.80157,-68.859375,-69.95922,-70.83996,-74.510315,-76.61655,-76.77255,-80.0,-80.0,-80.0,-80.0,-80.0,-80.0,-80.0,-80.0,-80.0,-80.0,-80.0,-80.0,-80.0,-80.0,-80.0,-80.0,-80.0,-80.0,-80.0,-80.0,-80.0
-80.0,-80.0,-80.0,-80.0,-80.0,-80.0,-80.0,-80.0,-80.0,-80.0,-80.0,-80.0,-80.0,-80.0,-80.0,-80.0,-80.0,-80.0,-80.0,-80.0,-80.0,-80.0,-80.0,-80.0,-80.0,-79.50182,-79.19153,-77.78021,-70.74106,-66.131454,-65.45248,-63.32523,-60.659683,-60.18524,-59.406246,-58.122456,-57.850693,-56.251133,-53.737747,-52.92703,-52.96044,-53.457542,-49.818718,-49.215122,-48.84005,-48.211937,-50.657635,-51.481075,-51.94853,-47.560444,-48.38462,-48.884735,-50.0258,-53.028618,-54.597523,-54.563763,-55.96186,-57.418953,-57.47899,-58.83381,-60.225906,-61.07847,-62.620678,-64.264046,-60.49373,-61.005676,-63.029457,-63.153923,-60.831856,-62.343994,-63.76529,-62.53526,-65.505264,-63.81601,-65.83505,-67.861626,-65.08601,-64.13591,-65.30605,-67.47151,-65.05348,-64.589005,-64.96611,-65.07532,-64.55209,-65.08493,-64.37631,-66.9747,-68.35785,-67.55107,-66.165924,-67.296036,-67.94118,-69.05537,-73.43786,-75.4955,-75.417755,-78.021866,-80.0,-80.0,-80.0,-80.0,-80.0,-80.0,-80.0,-80.0,-80.0,-80.0,-80.0,-80.0,-80.0,-80.0,-80.0,-80.0,-80.0,-80.0,-80.0,-80.0,-80.0,-80.0,-80.0,-80.0
-80.0,-80.0,-80.0,-80.0,-80.0,-80.0,-80.0,-80.0,-80.0,-80.0,-80.0,-80.0,-80.0,-80.0,-80.0,-80.0,-80.0,-80.0,-80.0,-80.0,-80.0,-80.0,-80.0,-80.0,-80.0,-79.95494,-76.09846,-73.97432,-68.87641,-64.99223,-61.308064,-59.57304,-58.552704,-58.32937,-57.46264,-53.912407,-55.464542,-54.949974,-56.556877,-55.7254,-53.63075,-52.46646,-50.44016,-50.53673,-50.7266,-51.53346,-52.589584,-52.31971,-54.367027,-54.959717,-53.044514,-50.270267,-50.396187,-52.852142,-56.71791,-58.23935,-56.304886,-57.11551,-57.04493,-56.20726,-57.51304,-57.40712,-59.070004,-62.221672,-61.08458,-61.48162,-63.271484,-63.67879,-63.63916,-64.749954,-66.6294,-66.86452,-67.19774,-65.99691,-66.95711,-67.48647,-66.950745,-66.79771,-68.536514,-67.869354,-66.5173,-68.75566,-71.50071,-69.14666,-68.85072,-69.74678,-69.70857,-72.36345,-73.35927,-74.07289,-73.77762,-72.70189,-71.788475,-72.283966,-74.01191,-76.385056,-77.45337,-78.042114,-80.0,-80.0,-80.0,-80.0,-80.0,-80.0,-80.0,-80.0,-80.0,-80.0,-80.0,-80.0,-80.0,-80.0,-80.0,-80.0,-80.0,-80.0,-80.0,-80.0,-80.0,-80.0,-80.0,-80.0
-80.0,-80.0,-80.0,-80.0,-80.0,-80.0,-80.0,-80.0,-80.0,-80.0,-80.0,-80.0,-80.0,-80.0,-80.0,-80.0,-80.0,-80.0,-80.0,-80.0,-80.0,-80.0,-80.0,-80.0,-80.0,-79.593185,-75.83965,-72.61038,-69.84539,-66.58822,-61.492058,-57.87742,-56.79787,-55.923416,-54.896935,-55.87038,-55.36944,-55.56106,-55.726242,-53.721596,-54.141666,-52.748398,-49.8283,-52.188206,-53.591488,-53.94849,-53.987637,-54.197105,-55.624413,-56.44302,-56.129303,-55.17823,-54.463837,-55.152435,-53.511482,-55.131874,-55.520348,-54.07928,-55.672066,-57.78779,-59.29903,-57.21958,-58.864822,-62.865227,-62.200787,-63.15863,-65.11679,-64.407295,-63.89465,-67.463165,-67.22283,-67.07106,-67.42656,-68.63006,-68.6206,-67.48216,-68.36381,-68.79855,-69.934845,-69.28995,-67.44067,-69.35787,-68.59354,-66.33821,-67.07659,-68.93601,-70.01019,-71.53915,-69.73691,-69.72705,-71.24399,-71.39261,-72.4561,-73.823425,-74.84346,-76.56612,-78.46318,-80.0,-80.0,-80.0,-80.0,-80.0,-80.0,-80.0,-80.0,-80.0,-80.0,-80.0,-80.0,-80.0,-80.0,-80.0,-80.0,-80.0,-80.0,-80.0,-80.0,-80.0,-80.0,-80.0,-80.0,-80.0
-80.0,-80.0,-80.0,-80.0,-80.0,-80.0,-80.0,-80.0,-80.0,-80.0,-80.0,-80.0,-80.0,-80.0,-80.0,-80.0,-80.0,-80.0,-80.0,-80.0,-80.0,-80.0,-80.0,-80.0,-80.0,-78.29126,-75.19815,-70.646614,-66.45916,-64.802,-61.88537,-59.883507,-59.19629,-59.57146,-59.280037,-59.16479,-59.713997,-58.71898,-58.30558,-57.96014,-58.14416,-59.915596,-59.210266,-58.071796,-59.231407,-59.23436,-60.019394,-61.450333,-59.970486,-59.30333,-60.626354,-62.107048,-61.94079,-61.004967,-58.68357,-58.013725,-57.967815,-58.487957,-56.335533,-56.91917,-57.281235,-58.601086,-61.06403,-61.872475,-62.2433,-64.697105,-63.62531,-63.87023,-64.07178,-65.518555,-67.72296,-70.102295,-69.11337,-69.64041,-70.079285,-70.85675,-72.51555,-72.283264,-72.32369,-70.612564,-68.39195,-68.90835,-68.14107,-66.50017,-66.62556,-68.85947,-69.79294,-69.63582,-69.11333,-69.64143,-71.12353,-73.214554,-74.00124,-74.918,-76.125565,-77.456024,-76.42446,-78.31619,-80.0,-80.0,-80.0,-80.0,-80.0,-80.0,-80.0,-80.0,-80.0,-80.0,-80.0,-80.0,-80.0,-80.0,-80.0,-80.0,-80.0,-80.0,-80.0,-80.0,-80.0,-80.0,-80.0,-80.0
-80.0,-80.0,-80.0,-80.0,-80.0,-80.0,-80.0,-80.0,-80.0,-80.0,-80.0,-80.0,-80.0,-80.0,-80.0,-80.0,-80.0,-80.0,-80.0,-80.0,-80.0,-80.0,-80.0,-80.0,-80.0,-80.0,-78.23405,-73.71939,-70.38962,-67.64621,-64.2265,-61.129757,-60.312965,-61.037388,-62.349625,-61.721397,-61.41775,-60.335342,-61.15059,-62.173687,-63.875336,-65.70137,-63.719315,-62.950497,-66.35278,-68.22748,-66.58425,-65.582596,-67.33162,-67.22264,-64.538895,-65.03546,-64.981674,-62.83277,-60.259007,-61.187393,-59.4146,-57.947266,-56.469616,-55.085754,-56.196663,-56.532093,-57.707653,-58.215714,-57.748676,-58.678574,-58.92712,-60.951214,-60.94158,-60.191162,-64.83171,-67.26337,-66.84133,-67.153625,-67.91704,-68.96614,-70.3815,-69.69316,-69.16716,-68.46384,-68.644745,-67.92479,-71.20102,-68.24402,-68.32357,-70.50012,-70.29986,-70.435974,-71.677795,-71.245415,-70.09857,-71.046646,-72.13379,-73.24768,-74.58424,-72.52881,-74.009026,-76.70897,-79.188324,-80.0,-80.0,-80.0,-80.0,-80.0,-80.0,-80.0,-80.0,-80.0,-80.0,-80.0,-80.0,-80.0,-80.0,-80.0,-80.0,-80.0,-80.0,-80.0,-80.0,-80.0,-80.0,-80.0
-80.0,-80.0,-80.0,-80.0,-80.0,-80.0,-80.0,-80.0,-80.0,-80.0,-80.0,-80.0,-80.0,-80.0,-80.0,-80.0,-80.0,-80.0,-80.0,-80.0,-80.0,-80.0,-80.0,-80.0,-80.0,-80.0,-80.0,-80.0,-77.39358,-72.86468,-70.500984,-66.06145,-62.118614,-61.743668,-62.709496,-62.703743,-62.941723,-62.550774,-61.200054,-61.481518,-62.63101,-64.45842,-68.85629,-74.026695,-79.84146,-80.0,-80.0,-80.0,-80.0,-77.03279,-74.72786,-72.570404,-71.25156,-65.58714,-60.829163,-61.840572,-61.246998,-59.139366,-55.607025,-54.96683,-56.960144,-57.971554,-57.5058,-57.998093,-58.735336,-59.076008,-60.02204,-62.390873,-63.68077,-64.862175,-67.000946,-67.21767,-66.59253,-68.4127,-68.74498,-69.838455,-71.57503,-72.23651,-70.83882,-69.17796,-68.72937,-68.488785,-71.8857,-71.486984,-69.9291,-69.29193,-70.807655,-71.01372,-72.304565,-73.317055,-73.20428,-73.46532,-74.20098,-75.419785,-76.907486,-74.492935,-75.7868,-77.32767,-80.0,-80.0,-80.0,-80.0,-80.0,-80.0,-80.0,-80.0,-80.0,-80.0,-80.0,-80.0,-80.0,-80.0,-80.0,-80.0,-80.0,-80.0,-80.0,-80.0,-80.0,-80.0,-80.0,-80.0
-80.0,-80.0,-80.0,-80.0,-80.0,-80.0,-80.0,-80.0,-80.0,-80.0,-80.0,-80.0,-80.0,-80.0,-80.0,-80.0,-80.0,-80.0,-80.0,-80.0,-80.0,-80.0,-80.0,-80.0,-80.0,-80.0,-79.86384,-75.53232,-72.485695,-69.40732,-68.132935,-65.19293,-62.10543,-62.273247,-63.34455,-62.081055,-63.354935,-62.355957,-59.939224,-59.20575,-60.073605,-64.44621,-66.51047,-69.47809,-74.43176,-80.0,-80.0,-80.0,-80.0,-80.0,-79.93815,-74.79822,-71.60201,-65.09099,-63.524437,-63.14857,-60.49411,-57.891006,-56.553726,-56.851368,-57.171375,-60.57127,-60.140564,-61.002357,-62.48426,-62.884884,-64.79322,-65.21417,-64.6155,-65.57948,-65.457825,-68.424194,-71.445015,-72.52824,-72.4037,-73.77404,-75.98205,-76.986595,-77.330444,-78.899124,-79.253654,-78.66177,-77.43033,-77.19922,-78.123,-77.90741,-79.08832,-79.75397,-80.0,-80.0,-80.0,-80.0,-80.0,-80.0,-79.89203,-80.0,-80.0,-80.0,-80.0,-80.0,-80.0,-80.0,-80.0,-80.0,-80.0,-80.0,-80.0,-80.0,-80.0,-80.0,-80.0,-80.0,-80.0,-80.0,-80.0,-80.0,-80.0,-80.0,-80.0,-80.0,-80.0,-80.0
-80.0,-80.0,-80.0,-80.0,-80.0,-80.0,-80.0,-80.0,-80.0,-80.0,-80.0,-80.0,-80.0,-80.0,-80.0,-80.0,-80.0,-80.0,-80.0,-80.0,-80.0,-80.0,-80.0,-80.0,-80.0,-80.0,-80.0,-78.045944,-74.9769,-70.937904,-67.45192,-66.07233,-62.49745,-63.655853,-64.84664,-63.85515,-63.191498,-63.21787,-61.458786,-60.75796,-63.49164,-65.2219,-68.3374,-71.31381,-75.20715,-80.0,-80.0,-80.0,-80.0,-80.0,-78.4637,-75.94988,-72.25432,-67.31195,-63.46975,-63.140602,-60.062317,-58.296646,-59.34852,-59.653416,-58.3836,-60.279636,-60.63002,-61.81592,-63.449947,-63.669495,-64.93298,-67.04703,-66.394196,-67.36725,-67.97877,-68.78215,-70.46207,-70.435715,-69.008255,-70.94285,-72.389084,-72.54994,-73.2357,-73.32874,-72.412926,-72.81787,-72.216446,-70.7621,-72.35652,-76.23887,-77.15214,-77.0443,-77.29016,-77.60239,-80.0,-79.005264,-80.0,-80.0,-80.0,-80.0,-80.0,-80.0,-80.0,-80.0,-80.0,-80.0,-80.0,-80.0,-80.0,-80.0,-80.0,-80.0,-80.0,-80.0,-80.0,-80.0,-80.0,-80.0,-80.0,-80.0,-80.0,-80.0,-80.0,-80.0,-80.0,-80.0
-80.0,-80.0,-80.0,-80.0,-80.0,-80.0,-80.0,-80.0,-80.0,-80.0,-80.0,-80.0,-80.0,-80.0,-80.0,-80.0,-80.0,-80.0,-80.0,-80.0,-80.0,-80.0,-80.0,-80.0,-80.0,-80.0,-75.95293,-74.38748,-70.18372,-63.72159,-61.194134,-62.41287,-60.988037,-62.04928,-64.437035,-64.94699,-65.43737,-63.56042,-63.222412,-63.517834,-64.07198,-64.77903,-64.28667,-64.54126,-64.214386,-63.948288,-66.36865,-67.246185,-68.514046,-67.90504,-68.83591,-71.57776,-71.54721,-68.24867,-64.1056,-63.19094,-59.68034,-58.127037,-59.82231,-58.826427,-59.06243,-59.21606,-61.251976,-62.619232,-61.72104,-62.914787,-64.04599,-63.33229,-63.601772,-64.86012,-65.14255,-64.722374,-65.821014,-65.53843,-66.12844,-66.5963,-65.52707,-65.5358,-66.08728,-67.8707,-66.11467,-67.60042,-67.27325,-66.916,-68.26662,-68.62657,-70.27816,-70.691055,-70.79338,-69.795105,-72.66394,-73.78181,-72.92845,-76.0643,-78.596725,-78.01027,-78.42125,-79.21696,-80.0,-80.0,-80.0,-80.0,-80.0,-80.0,-80.0,-80.0,-80.0,-80.0,-80.0,-80.0,-80.0,-80.0,-80.0,-80.0,-80.0,-80.0,-80.0,-80.0,-80.0,-80.0,-80.0,-80.0
-80.0,-80.0,-80.0,-80.0,-80.0,-80.0,-80.0,-80.0,-80.0,-80.0,-80.0,-80.0,-80.0,-80.0,-80.0,-80.0,-80.0,-80.0,-80.0,-80.0,-80.0,-80.0,-80.0,-80.0,-80.0,-79.98194,-74.74816,-70.88127,-67.74574,-61.094833,-58.418148,-58.641136,-59.661324,-61.647816,-63.172462,-64.90746,-64.60225,-62.85791,-61.90272,-61.05318,-59.69815,-60.798275,-60.553844,-61.3639,-59.852844,-60.347286,-61.01037,-62.418243,-65.02763,-65.70126,-66.09435,-67.91624,-68.705185,-66.39162,-63.56428,-60.724167,-60.54648,-59.16172,-55.841267,-54.700653,-55.261395,-56.79563,-59.044144,-59.724712,-58.130123,-59.015434,-61.78594,-62.402435,-62.13835,-62.17172,-61.878315,-62.631542,-63.308556,-62.89816,-65.15094,-65.19699,-63.572628,-63.11554,-63.56404,-64.752464,-64.99154,-65.44807,-65.55156,-64.86006,-65.97411,-64.97873,-65.53175,-67.15015,-67.68695,-68.49658,-71.467804,-70.17247,-69.73301,-72.95981,-74.84322,-74.055374,-74.04614,-75.40903,-79.81773,-80.0,-80.0,-80.0,-80.0,-80.0,-80.0,-80.0,-80.0,-80.0,-80.0,-80.0,-80.0,-80.0,-80.0,-80.0,-80.0,-80.0,-80.0,-80.0,-80.0,-80.0,-80.0,-80.0
-80.0,-80.0,-80.0,-80.0,-80.0,-80.0,-80.0,-80.0,-80.0,-80.0,-80.0,-80.0,-80.0,-80.0,-80.0,-80.0,-80.0,-80.0,-80.0,-80.0,-80.0,-80.0,-80.0,-80.0,-80.0,-78.93783,-74.98192,-70.32893,-64.7706,-60.6683,-60.31167,-58.91733,-58.87433,-62.132854,-64.861336,-63.34796,-63.359413,-63.462154,-61.768833,-61.64984,-61.88748,-61.511375,-60.19785,-60.197994,-61.10286,-62.144135,-61.64219,-62.600845,-60.93148,-61.11654,-64.27816,-65.44624,-64.73934,-63.9854,-62.866005,-60.701324,-59.151497,-57.204075,-56.231598,-55.849884,-54.72742,-57.18695,-59.4848,-58.371117,-59.18871,-62.100536,-63.790012,-63.99724,-64.37328,-65.722435,-64.45477,-66.069214,-66.31949,-65.06576,-66.6649,-68.50923,-67.38312,-66.95766,-67.34906,-68.07147,-69.232666,-69.22015,-69.61335,-70.19364,-69.024,-69.93749,-68.68707,-69.66286,-72.70194,-74.63162,-76.65157,-75.60234,-74.95844,-77.88409,-80.0,-80.0,-80.0,-80.0,-80.0,-80.0,-80.0,-80.0,-80.0,-80.0,-80.0,-80.0,-80.0,-80.0,-80.0,-80.0,-80.0,-80.0,-80.0,-80.0,-80.0,-80.0,-80.0,-80.0,-80.0,-80.0,-80.0,-80.0
-80.0,-80.0,-80.0,-80.0,-80.0,-80.0,-80.0,-80.0,-80.0,-80.0,-80.0,-80.0,-80.0,-80.0,-80.0,-80.0,-80.0,-80.0,-80.0,-80.0,-80.0,-80.0,-80.0,-80.0,-80.0,-80.0,-78.08719,-74.79524,-70.52869,-65.83035,-64.02938,-63.600132,-63.804466,-64.17475,-67.63386,-68.15637,-65.51253,-65.1015,-64.38866,-64.43417,-62.542797,-60.862175,-60.428337,-60.97189,-59.420784,-60.957714,-61.112034,-60.740364,-61.980576,-61.55719,-62.60292,-63.88397,-63.253098,-61.629734,-62.317673,-61.80464,-59.754505,-57.56674,-57.78839,-58.593636,-57.581722,-59.145363,-60.00504,-60.34675,-61.439827,-63.453045,-63.075447,-65.758224,-68.284164,-67.64131,-71.391205,-75.87504,-76.537994,-78.370895,-78.235504,-78.33874,-79.21879,-80.0,-80.0,-80.0,-79.30809,-80.0,-80.0,-78.47493,-79.515564,-80.0,-80.0,-80.0,-80.0,-80.0,-80.0,-80.0,-80.0,-80.0,-80.0,-80.0,-80.0,-80.0,-80.0,-80.0,-80.0,-80.0,-80.0,-80.0,-80.0,-80.0,-80.0,-80.0,-80.0,-80.0,-80.0,-80.0,-80.0,-80.0,-80.0,-80.0,-80.0,-80.0,-80.0,-80.0,-80.0,-80.0
-80.0,-80.0,-80.0,-80.0,-80.0,-80.0,-80.0,-80.0,-80.0,-80.0,-80.0,-80.0,-80.0,-80.0,-80.0,-80.0,-80.0,-80.0,-80.0,-80.0,-80.0,-80.0,-80.0,-80.0,-80.0,-80.0,-78.956474,-75.177315,-73.01208,-68.81101,-64.03134,-63.582863,-65.20274,-68.496704,-70.78314,-70.86308,-68.36448,-68.54582,-66.04175,-66.60028,-66.21591,-65.777435,-64.36238,-64.85715,-64.605385,-66.269104,-64.66989,-63.139008,-63.634132,-65.971054,-63.77842,-63.08445,-61.455936,-60.74791,-61.30382,-60.456207,-58.476917,-58.795464,-58.350563,-59.115383,-57.095688,-58.09446,-59.314358,-59.663055,-61.65503,-62.13325,-62.683266,-65.248116,-67.17479,-71.23559,-75.0172,-76.70241,-79.83057,-80.0,-80.0,-80.0,-80.0,-80.0,-80.0,-80.0,-80.0,-80.0,-80.0,-80.0,-80.0,-80.0,-80.0,-80.0,-80.0,-80.0,-80.0,-80.0,-80.0,-80.0,-80.0,-80.0,-80.0,-80.0,-80.0,-80.0,-80.0,-80.0,-80.0,-80.0,-80.0,-80.0,-80.0,-80.0,-80.0,-80.0,-80.0,-80.0,-80.0,-80.0,-80.0,-80.0,-80.0,-80.0,-80.0,-80.0,-80.0,-80.0
